timeStamp,elapsed,label,responseCode,responseMessage,threadName,dataType,success,failureMessage,bytes,sentBytes,grpThreads,allThreads,URL,Latency,IdleTime,Connect
1620578066138,774,HTTP Request - Posts,200,OK,Thread Group 1-3,text,true,,28790,138,5,5,https://jsonplaceholder.typicode.com/posts,624,0,540
1620578066337,576,HTTP Request - Posts,200,OK,Thread Group 1-4,text,true,,28786,138,5,5,https://jsonplaceholder.typicode.com/posts,544,0,340
1620578065926,989,HTTP Request - Posts,200,OK,Thread Group 1-1,text,true,,28782,138,5,5,https://jsonplaceholder.typicode.com/posts,954,0,751
1620578066540,378,HTTP Request - Posts,200,OK,Thread Group 1-5,text,true,,28796,138,5,5,https://jsonplaceholder.typicode.com/posts,355,0,195
1620578065938,982,HTTP Request - Posts,200,OK,Thread Group 1-2,text,true,,28782,138,5,5,https://jsonplaceholder.typicode.com/posts,956,0,740
1620578066918,670,HTTP Request - Comments,200,OK,Thread Group 1-5,text,true,,159047,141,5,5,https://jsonplaceholder.typicode.com/comments,69,0,0
1620578066916,752,HTTP Request - Comments,200,OK,Thread Group 1-4,text,true,,159043,141,5,5,https://jsonplaceholder.typicode.com/comments,76,0,0
1620578066920,772,HTTP Request - Comments,200,OK,Thread Group 1-2,text,true,,159035,141,5,5,https://jsonplaceholder.typicode.com/comments,68,0,0
1620578066917,776,HTTP Request - Comments,200,OK,Thread Group 1-1,text,true,,159041,141,5,5,https://jsonplaceholder.typicode.com/comments,136,0,0
1620578066916,778,HTTP Request - Comments,200,OK,Thread Group 1-3,text,true,,159033,141,5,5,https://jsonplaceholder.typicode.com/comments,106,0,0
1620578067589,116,HTTP Request - Albums,200,OK,Thread Group 1-5,text,true,,10596,139,5,5,https://jsonplaceholder.typicode.com/albums,103,0,0
1620578067694,156,HTTP Request - Albums,200,OK,Thread Group 1-3,text,true,,10596,139,5,5,https://jsonplaceholder.typicode.com/albums,139,0,0
1620578067669,182,HTTP Request - Albums,200,OK,Thread Group 1-4,text,true,,10590,139,5,5,https://jsonplaceholder.typicode.com/albums,182,0,0
1620578067692,166,HTTP Request - Albums,200,OK,Thread Group 1-2,text,true,,10596,139,5,5,https://jsonplaceholder.typicode.com/albums,165,0,0
1620578067694,321,HTTP Request - Albums,200,OK,Thread Group 1-1,text,true,,10598,139,5,5,https://jsonplaceholder.typicode.com/albums,125,0,0
1620578067706,2189,HTTP Request - Photos,200,OK,Thread Group 1-5,text,true,,1073014,139,5,5,https://jsonplaceholder.typicode.com/photos,145,0,0
1620578069895,225,HTTP Request - Todos,200,OK,Thread Group 1-5,text,true,,25576,138,5,5,https://jsonplaceholder.typicode.com/todos,209,0,0
1620578070124,197,HTTP Request - Users,200,OK,Thread Group 1-5,text,true,,6907,138,5,5,https://jsonplaceholder.typicode.com/users,197,0,0
1620578070322,269,HTTP Request - Posts,200,OK,Thread Group 1-5,text,true,,28790,138,5,5,https://jsonplaceholder.typicode.com/posts,236,0,0
1620578067851,3223,HTTP Request - Photos,200,OK,Thread Group 1-3,text,true,,1072999,139,5,5,https://jsonplaceholder.typicode.com/photos,112,0,0
1620578070592,537,HTTP Request - Comments,200,OK,Thread Group 1-5,text,true,,159051,141,5,5,https://jsonplaceholder.typicode.com/comments,360,0,0
1620578071075,98,HTTP Request - Todos,200,OK,Thread Group 1-3,text,true,,25570,138,5,5,https://jsonplaceholder.typicode.com/todos,93,0,0
1620578071129,91,HTTP Request - Albums,200,OK,Thread Group 1-5,text,true,,10598,139,5,5,https://jsonplaceholder.typicode.com/albums,91,0,0
1620578071174,80,HTTP Request - Users,200,OK,Thread Group 1-3,text,true,,6905,138,5,5,https://jsonplaceholder.typicode.com/users,79,0,0
1620578071255,137,HTTP Request - Posts,200,OK,Thread Group 1-3,text,true,,28778,138,5,5,https://jsonplaceholder.typicode.com/posts,110,0,0
1620578067852,3563,HTTP Request - Photos,200,OK,Thread Group 1-4,text,true,,1072989,139,5,5,https://jsonplaceholder.typicode.com/photos,100,0,0
1620578071416,130,HTTP Request - Todos,200,OK,Thread Group 1-4,text,true,,25570,138,5,5,https://jsonplaceholder.typicode.com/todos,104,0,0
1620578071547,101,HTTP Request - Users,200,OK,Thread Group 1-4,text,true,,6909,138,5,5,https://jsonplaceholder.typicode.com/users,87,0,0
1620578068016,3647,HTTP Request - Photos,200,OK,Thread Group 1-1,text,true,,1073007,139,5,5,https://jsonplaceholder.typicode.com/photos,262,0,0
1620578071392,349,HTTP Request - Comments,200,OK,Thread Group 1-3,text,true,,159049,141,5,5,https://jsonplaceholder.typicode.com/comments,68,0,0
1620578071664,129,HTTP Request - Todos,200,OK,Thread Group 1-1,text,true,,25576,138,5,5,https://jsonplaceholder.typicode.com/todos,111,0,0
1620578071648,146,HTTP Request - Posts,200,OK,Thread Group 1-4,text,true,,28782,138,5,5,https://jsonplaceholder.typicode.com/posts,112,0,0
1620578071741,73,HTTP Request - Albums,200,OK,Thread Group 1-3,text,true,,10590,139,5,5,https://jsonplaceholder.typicode.com/albums,73,0,0
1620578067860,3993,HTTP Request - Photos,200,OK,Thread Group 1-2,text,true,,1072997,139,5,5,https://jsonplaceholder.typicode.com/photos,92,0,0
1620578071794,88,HTTP Request - Users,200,OK,Thread Group 1-1,text,true,,6903,138,5,5,https://jsonplaceholder.typicode.com/users,87,0,0
1620578071854,123,HTTP Request - Todos,200,OK,Thread Group 1-2,text,true,,25588,138,5,5,https://jsonplaceholder.typicode.com/todos,86,0,0
1620578071883,156,HTTP Request - Posts,200,OK,Thread Group 1-1,text,true,,28788,138,5,5,https://jsonplaceholder.typicode.com/posts,94,0,0
1620578071978,125,HTTP Request - Users,200,OK,Thread Group 1-2,text,true,,6909,138,5,5,https://jsonplaceholder.typicode.com/users,125,0,0
1620578072104,206,HTTP Request - Posts,200,OK,Thread Group 1-2,text,true,,28780,138,5,5,https://jsonplaceholder.typicode.com/posts,171,0,0
1620578071795,540,HTTP Request - Comments,200,OK,Thread Group 1-4,text,true,,159045,141,5,5,https://jsonplaceholder.typicode.com/comments,101,0,0
1620578072335,169,HTTP Request - Albums,200,OK,Thread Group 1-4,text,true,,10596,139,5,5,https://jsonplaceholder.typicode.com/albums,169,0,0
1620578072040,531,HTTP Request - Comments,200,OK,Thread Group 1-1,text,true,,159049,141,5,5,https://jsonplaceholder.typicode.com/comments,158,0,0
1620578071220,1381,HTTP Request - Photos,200,OK,Thread Group 1-5,text,true,,1073019,139,5,5,https://jsonplaceholder.typicode.com/photos,83,0,0
1620578072572,139,HTTP Request - Albums,200,OK,Thread Group 1-1,text,true,,10594,139,5,5,https://jsonplaceholder.typicode.com/albums,139,0,0
1620578072602,133,HTTP Request - Todos,200,OK,Thread Group 1-5,text,true,,25586,138,5,5,https://jsonplaceholder.typicode.com/todos,119,0,0
1620578072311,464,HTTP Request - Comments,200,OK,Thread Group 1-2,text,true,,159049,141,5,5,https://jsonplaceholder.typicode.com/comments,183,0,0
1620578072736,116,HTTP Request - Users,200,OK,Thread Group 1-5,text,true,,6907,138,5,5,https://jsonplaceholder.typicode.com/users,115,0,0
1620578072776,144,HTTP Request - Albums,200,OK,Thread Group 1-2,text,true,,10592,139,4,4,https://jsonplaceholder.typicode.com/albums,144,0,0
1620578071815,2407,HTTP Request - Photos,200,OK,Thread Group 1-3,text,true,,1072993,139,4,4,https://jsonplaceholder.typicode.com/photos,89,0,0
1620578074223,244,HTTP Request - Todos,200,OK,Thread Group 1-3,text,true,,25572,138,4,4,https://jsonplaceholder.typicode.com/todos,232,0,0
1620578074468,79,HTTP Request - Users,200,OK,Thread Group 1-3,text,true,,6907,138,4,4,https://jsonplaceholder.typicode.com/users,78,0,0
1620578072506,3499,HTTP Request - Photos,200,OK,Thread Group 1-4,text,true,,1073001,139,3,3,https://jsonplaceholder.typicode.com/photos,169,0,0
1620578076005,185,HTTP Request - Todos,200,OK,Thread Group 1-4,text,true,,25582,138,3,3,https://jsonplaceholder.typicode.com/todos,173,0,0
1620578076191,115,HTTP Request - Users,200,OK,Thread Group 1-4,text,true,,6911,138,3,3,https://jsonplaceholder.typicode.com/users,114,0,0
1620578072920,3573,HTTP Request - Photos,200,OK,Thread Group 1-2,text,true,,1072997,139,2,2,https://jsonplaceholder.typicode.com/photos,223,0,0
1620578072712,3862,HTTP Request - Photos,200,OK,Thread Group 1-1,text,true,,1073002,139,2,2,https://jsonplaceholder.typicode.com/photos,150,0,0
1620578076493,122,HTTP Request - Todos,200,OK,Thread Group 1-2,text,true,,25570,138,2,2,https://jsonplaceholder.typicode.com/todos,88,0,0
1620578076573,108,HTTP Request - Todos,200,OK,Thread Group 1-1,text,true,,25582,138,2,2,https://jsonplaceholder.typicode.com/todos,95,0,0
1620578076625,74,HTTP Request - Users,200,OK,Thread Group 1-2,text,true,,6903,138,2,2,https://jsonplaceholder.typicode.com/users,73,0,0
1620578076682,91,HTTP Request - Users,200,OK,Thread Group 1-1,text,true,,6901,138,1,1,https://jsonplaceholder.typicode.com/users,80,0,0
1620579668612,1130,HTTP Request - Posts,200,OK,Thread Group 1-4,text,true,,28786,138,5,5,https://jsonplaceholder.typicode.com/posts,960,0,776
1620579668413,1541,HTTP Request - Posts,200,OK,Thread Group 1-3,text,true,,28784,138,5,5,https://jsonplaceholder.typicode.com/posts,1159,0,975
1620579668162,1792,HTTP Request - Posts,200,OK,Thread Group 1-1,text,true,,28782,138,5,5,https://jsonplaceholder.typicode.com/posts,1410,0,1227
1620579668812,1142,HTTP Request - Posts,200,OK,Thread Group 1-5,text,true,,28792,138,5,5,https://jsonplaceholder.typicode.com/posts,760,0,577
1620579668215,1739,HTTP Request - Posts,200,OK,Thread Group 1-2,text,true,,28782,138,5,5,https://jsonplaceholder.typicode.com/posts,1357,0,1173
1620579669754,843,HTTP Request - Comments,200,OK,Thread Group 1-4,text,true,,159049,141,5,5,https://jsonplaceholder.typicode.com/comments,202,0,0
1620579670598,380,HTTP Request - Albums,200,OK,Thread Group 1-4,text,true,,10592,139,5,5,https://jsonplaceholder.typicode.com/albums,372,0,0
1620579669954,1054,HTTP Request - Comments,200,OK,Thread Group 1-3,text,true,,159049,141,5,5,https://jsonplaceholder.typicode.com/comments,93,0,0
1620579669955,1097,HTTP Request - Comments,200,OK,Thread Group 1-1,text,true,,159041,141,5,5,https://jsonplaceholder.typicode.com/comments,99,0,0
1620579669955,1137,HTTP Request - Comments,200,OK,Thread Group 1-5,text,true,,159057,141,5,5,https://jsonplaceholder.typicode.com/comments,92,0,0
1620579669955,1138,HTTP Request - Comments,200,OK,Thread Group 1-2,text,true,,159051,141,5,5,https://jsonplaceholder.typicode.com/comments,92,0,0
1620579671009,190,HTTP Request - Albums,200,OK,Thread Group 1-3,text,true,,10600,139,5,5,https://jsonplaceholder.typicode.com/albums,152,0,0
1620579671053,207,HTTP Request - Albums,200,OK,Thread Group 1-1,text,true,,10594,139,5,5,https://jsonplaceholder.typicode.com/albums,184,0,0
1620579671093,219,HTTP Request - Albums,200,OK,Thread Group 1-5,text,true,,10590,139,5,5,https://jsonplaceholder.typicode.com/albums,216,0,0
1620579671093,219,HTTP Request - Albums,200,OK,Thread Group 1-2,text,true,,10598,139,5,5,https://jsonplaceholder.typicode.com/albums,216,0,0
1620579670979,5229,HTTP Request - Photos,200,OK,Thread Group 1-4,text,true,,1073006,139,5,5,https://jsonplaceholder.typicode.com/photos,114,0,0
1620579676209,297,HTTP Request - Todos,200,OK,Thread Group 1-4,text,true,,25584,138,5,5,https://jsonplaceholder.typicode.com/todos,295,0,0
1620579676507,350,HTTP Request - Users,200,OK,Thread Group 1-4,text,true,,6909,138,5,5,https://jsonplaceholder.typicode.com/users,350,0,0
1620579676858,635,HTTP Request - Posts,200,OK,Thread Group 1-4,text,true,,28780,138,5,5,https://jsonplaceholder.typicode.com/posts,528,0,0
1620579677494,1004,HTTP Request - Comments,200,OK,Thread Group 1-4,text,true,,159047,141,5,5,https://jsonplaceholder.typicode.com/comments,368,0,0
1620579678478,774,HTTP Request - Albums,200,OK,Thread Group 1-4,text,true,,10594,139,5,5,https://jsonplaceholder.typicode.com/albums,774,0,0
1620579671261,11059,HTTP Request - Photos,200,OK,Thread Group 1-1,text,true,,1073016,139,5,5,https://jsonplaceholder.typicode.com/photos,338,0,0
1620579671200,11252,HTTP Request - Photos,200,OK,Thread Group 1-3,text,true,,1072997,139,5,5,https://jsonplaceholder.typicode.com/photos,214,0,0
1620579682300,325,HTTP Request - Todos,200,OK,Thread Group 1-1,text,true,,25578,138,5,5,https://jsonplaceholder.typicode.com/todos,221,0,0
1620579671313,11340,HTTP Request - Photos,200,OK,Thread Group 1-2,text,true,,1072999,139,5,5,https://jsonplaceholder.typicode.com/photos,851,0,0
1620579682431,303,HTTP Request - Todos,200,OK,Thread Group 1-3,text,true,,25580,138,5,5,https://jsonplaceholder.typicode.com/todos,223,0,0
1620579682735,597,HTTP Request - Users,200,OK,Thread Group 1-3,text,true,,6911,138,5,5,https://jsonplaceholder.typicode.com/users,597,0,0
1620579671313,12048,HTTP Request - Photos,200,OK,Thread Group 1-5,text,true,,1073001,139,5,5,https://jsonplaceholder.typicode.com/photos,855,0,0
1620579682625,815,HTTP Request - Users,200,OK,Thread Group 1-1,text,true,,6909,138,5,5,https://jsonplaceholder.typicode.com/users,814,0,0
1620579682632,808,HTTP Request - Todos,200,OK,Thread Group 1-2,text,true,,25586,138,5,5,https://jsonplaceholder.typicode.com/todos,807,0,0
1620579683333,260,HTTP Request - Posts,200,OK,Thread Group 1-3,text,true,,28782,138,5,5,https://jsonplaceholder.typicode.com/posts,143,0,0
1620579683441,155,HTTP Request - Users,200,OK,Thread Group 1-2,text,true,,6905,138,5,5,https://jsonplaceholder.typicode.com/users,155,0,0
1620579683341,330,HTTP Request - Todos,200,OK,Thread Group 1-5,text,true,,25584,138,5,5,https://jsonplaceholder.typicode.com/todos,251,0,0
1620579683440,234,HTTP Request - Posts,200,OK,Thread Group 1-1,text,true,,28782,138,5,5,https://jsonplaceholder.typicode.com/posts,233,0,0
1620579683673,176,HTTP Request - Users,200,OK,Thread Group 1-5,text,true,,6911,138,5,5,https://jsonplaceholder.typicode.com/users,176,0,0
1620579683596,271,HTTP Request - Posts,200,OK,Thread Group 1-2,text,true,,28790,138,5,5,https://jsonplaceholder.typicode.com/posts,150,0,0
1620579683850,365,HTTP Request - Posts,200,OK,Thread Group 1-5,text,true,,28786,138,5,5,https://jsonplaceholder.typicode.com/posts,269,0,0
1620579683593,1008,HTTP Request - Comments,200,OK,Thread Group 1-3,text,true,,159045,141,5,5,https://jsonplaceholder.typicode.com/comments,165,0,0
1620579683676,1019,HTTP Request - Comments,200,OK,Thread Group 1-1,text,true,,159041,141,5,5,https://jsonplaceholder.typicode.com/comments,192,0,0
1620579684602,163,HTTP Request - Albums,200,OK,Thread Group 1-3,text,true,,10598,139,5,5,https://jsonplaceholder.typicode.com/albums,163,0,0
1620579684695,141,HTTP Request - Albums,200,OK,Thread Group 1-1,text,true,,10596,139,5,5,https://jsonplaceholder.typicode.com/albums,141,0,0
1620579683868,1690,HTTP Request - Comments,200,OK,Thread Group 1-2,text,true,,159043,141,5,5,https://jsonplaceholder.typicode.com/comments,319,0,0
1620579684217,1395,HTTP Request - Comments,200,OK,Thread Group 1-5,text,true,,159049,141,5,5,https://jsonplaceholder.typicode.com/comments,308,0,0
1620579679255,6629,HTTP Request - Photos,200,OK,Thread Group 1-4,text,true,,1073010,139,5,5,https://jsonplaceholder.typicode.com/photos,411,0,0
1620579685559,338,HTTP Request - Albums,200,OK,Thread Group 1-2,text,true,,10602,139,5,5,https://jsonplaceholder.typicode.com/albums,338,0,0
1620579685612,289,HTTP Request - Albums,200,OK,Thread Group 1-5,text,true,,10596,139,5,5,https://jsonplaceholder.typicode.com/albums,289,0,0
1620579685885,296,HTTP Request - Todos,200,OK,Thread Group 1-4,text,true,,25572,138,5,5,https://jsonplaceholder.typicode.com/todos,284,0,0
1620579686182,147,HTTP Request - Users,200,OK,Thread Group 1-4,text,true,,6907,138,5,5,https://jsonplaceholder.typicode.com/users,146,0,0
1620579684766,5281,HTTP Request - Photos,200,OK,Thread Group 1-3,text,true,,1073007,139,4,4,https://jsonplaceholder.typicode.com/photos,239,0,0
1620579690050,199,HTTP Request - Todos,200,OK,Thread Group 1-3,text,true,,25580,138,4,4,https://jsonplaceholder.typicode.com/todos,198,0,0
1620579690249,104,HTTP Request - Users,200,OK,Thread Group 1-3,text,true,,6907,138,4,4,https://jsonplaceholder.typicode.com/users,104,0,0
1620579684837,5677,HTTP Request - Photos,200,OK,Thread Group 1-1,text,true,,1073003,139,3,3,https://jsonplaceholder.typicode.com/photos,192,0,0
1620579690514,173,HTTP Request - Todos,200,OK,Thread Group 1-1,text,true,,25576,138,3,3,https://jsonplaceholder.typicode.com/todos,151,0,0
1620579690688,155,HTTP Request - Users,200,OK,Thread Group 1-1,text,true,,6907,138,3,3,https://jsonplaceholder.typicode.com/users,155,0,0
1620579685902,5952,HTTP Request - Photos,200,OK,Thread Group 1-5,text,true,,1073001,139,2,2,https://jsonplaceholder.typicode.com/photos,278,0,0
1620579691853,175,HTTP Request - Todos,200,OK,Thread Group 1-5,text,true,,25578,138,2,2,https://jsonplaceholder.typicode.com/todos,107,0,0
1620579692030,111,HTTP Request - Users,200,OK,Thread Group 1-5,text,true,,6911,138,2,2,https://jsonplaceholder.typicode.com/users,111,0,0
1620579685898,7596,HTTP Request - Photos,200,OK,Thread Group 1-2,text,true,,1073018,139,1,1,https://jsonplaceholder.typicode.com/photos,284,0,0
1620579693495,141,HTTP Request - Todos,200,OK,Thread Group 1-2,text,true,,25572,138,1,1,https://jsonplaceholder.typicode.com/todos,124,0,0
1620579693637,84,HTTP Request - Users,200,OK,Thread Group 1-2,text,true,,6905,138,1,1,https://jsonplaceholder.typicode.com/users,83,0,0
1620580331175,527,HTTP Request - Posts,200,OK,Thread Group 1-4,text,true,,28780,138,5,5,https://jsonplaceholder.typicode.com/posts,495,0,394
1620580330769,983,HTTP Request - Posts,200,OK,Thread Group 1-1,text,true,,28778,138,5,5,https://jsonplaceholder.typicode.com/posts,908,0,810
1620580330977,778,HTTP Request - Posts,200,OK,Thread Group 1-3,text,true,,28786,138,5,5,https://jsonplaceholder.typicode.com/posts,762,0,601
1620580330778,978,HTTP Request - Posts,200,OK,Thread Group 1-2,text,true,,28784,138,5,5,https://jsonplaceholder.typicode.com/posts,959,0,800
1620580331375,508,HTTP Request - Posts,200,OK,Thread Group 1-5,text,true,,28782,138,5,5,https://jsonplaceholder.typicode.com/posts,459,0,359
1620580331716,561,HTTP Request - Comments,200,OK,Thread Group 1-4,text,true,,159043,141,5,5,https://jsonplaceholder.typicode.com/comments,63,0,0
1620580331752,644,HTTP Request - Comments,200,OK,Thread Group 1-1,text,true,,159033,141,5,5,https://jsonplaceholder.typicode.com/comments,117,0,0
1620580331755,688,HTTP Request - Comments,200,OK,Thread Group 1-3,text,true,,159043,141,5,5,https://jsonplaceholder.typicode.com/comments,94,0,0
1620580331756,706,HTTP Request - Comments,200,OK,Thread Group 1-2,text,true,,159039,141,5,5,https://jsonplaceholder.typicode.com/comments,147,0,0
1620580332277,190,HTTP Request - Albums,200,OK,Thread Group 1-4,text,true,,10600,139,5,5,https://jsonplaceholder.typicode.com/albums,188,0,0
1620580332397,106,HTTP Request - Albums,200,OK,Thread Group 1-1,text,true,,10592,139,5,5,https://jsonplaceholder.typicode.com/albums,99,0,0
1620580331885,646,HTTP Request - Comments,200,OK,Thread Group 1-5,text,true,,159039,141,5,5,https://jsonplaceholder.typicode.com/comments,281,0,0
1620580332444,112,HTTP Request - Albums,200,OK,Thread Group 1-3,text,true,,10600,139,5,5,https://jsonplaceholder.typicode.com/albums,111,0,0
1620580332462,94,HTTP Request - Albums,200,OK,Thread Group 1-2,text,true,,10592,139,5,5,https://jsonplaceholder.typicode.com/albums,94,0,0
1620580332532,229,HTTP Request - Albums,200,OK,Thread Group 1-5,text,true,,10600,139,5,5,https://jsonplaceholder.typicode.com/albums,229,0,0
1620580332467,3823,HTTP Request - Photos,200,OK,Thread Group 1-4,text,true,,1073006,139,5,5,https://jsonplaceholder.typicode.com/photos,91,0,0
1620580336270,494,HTTP Request - Todos,200,OK,Thread Group 1-4,text,true,,25574,138,5,5,https://jsonplaceholder.typicode.com/todos,459,0,0
1620580332763,4110,HTTP Request - Photos,200,OK,Thread Group 1-5,text,true,,1073009,139,5,5,https://jsonplaceholder.typicode.com/photos,152,0,0
1620580336764,351,HTTP Request - Users,200,OK,Thread Group 1-4,text,true,,6901,138,5,5,https://jsonplaceholder.typicode.com/users,345,0,0
1620580336853,469,HTTP Request - Todos,200,OK,Thread Group 1-5,text,true,,25574,138,5,5,https://jsonplaceholder.typicode.com/todos,331,0,0
1620580337117,586,HTTP Request - Posts,200,OK,Thread Group 1-4,text,true,,28786,138,5,5,https://jsonplaceholder.typicode.com/posts,580,0,0
1620580337324,415,HTTP Request - Users,200,OK,Thread Group 1-5,text,true,,6909,138,5,5,https://jsonplaceholder.typicode.com/users,414,0,0
1620580337739,237,HTTP Request - Posts,200,OK,Thread Group 1-5,text,true,,28784,138,5,5,https://jsonplaceholder.typicode.com/posts,234,0,0
1620580337704,402,HTTP Request - Comments,200,OK,Thread Group 1-4,text,true,,159039,141,5,5,https://jsonplaceholder.typicode.com/comments,95,0,0
1620580338107,508,HTTP Request - Albums,200,OK,Thread Group 1-4,text,true,,10596,139,5,5,https://jsonplaceholder.typicode.com/albums,508,0,0
1620580332556,7098,HTTP Request - Photos,200,OK,Thread Group 1-3,text,true,,1073004,139,5,5,https://jsonplaceholder.typicode.com/photos,215,0,0
1620580337977,1807,HTTP Request - Comments,200,OK,Thread Group 1-5,text,true,,159041,141,5,5,https://jsonplaceholder.typicode.com/comments,172,0,0
1620580339634,231,HTTP Request - Todos,200,OK,Thread Group 1-3,text,true,,25576,138,5,5,https://jsonplaceholder.typicode.com/todos,230,0,0
1620580332504,7543,HTTP Request - Photos,200,OK,Thread Group 1-1,text,true,,1072991,139,5,5,https://jsonplaceholder.typicode.com/photos,105,0,0
1620580339785,263,HTTP Request - Albums,200,OK,Thread Group 1-5,text,true,,10592,139,5,5,https://jsonplaceholder.typicode.com/albums,263,0,0
1620580339865,244,HTTP Request - Users,200,OK,Thread Group 1-3,text,true,,6907,138,5,5,https://jsonplaceholder.typicode.com/users,244,0,0
1620580332557,7664,HTTP Request - Photos,200,OK,Thread Group 1-2,text,true,,1073022,139,5,5,https://jsonplaceholder.typicode.com/photos,207,0,0
1620580340028,259,HTTP Request - Todos,200,OK,Thread Group 1-1,text,true,,25576,138,5,5,https://jsonplaceholder.typicode.com/todos,256,0,0
1620580340110,230,HTTP Request - Posts,200,OK,Thread Group 1-3,text,true,,28786,138,5,5,https://jsonplaceholder.typicode.com/posts,202,0,0
1620580340288,288,HTTP Request - Users,200,OK,Thread Group 1-1,text,true,,6913,138,5,5,https://jsonplaceholder.typicode.com/users,288,0,0
1620580340201,375,HTTP Request - Todos,200,OK,Thread Group 1-2,text,true,,25572,138,5,5,https://jsonplaceholder.typicode.com/todos,319,0,0
1620580340577,605,HTTP Request - Users,200,OK,Thread Group 1-2,text,true,,6903,138,5,5,https://jsonplaceholder.typicode.com/users,604,0,0
1620580340577,661,HTTP Request - Posts,200,OK,Thread Group 1-1,text,true,,28778,138,5,5,https://jsonplaceholder.typicode.com/posts,617,0,0
1620580340341,1019,HTTP Request - Comments,200,OK,Thread Group 1-3,text,true,,159047,141,5,5,https://jsonplaceholder.typicode.com/comments,322,0,0
1620580341183,640,HTTP Request - Posts,200,OK,Thread Group 1-2,text,true,,28780,138,5,5,https://jsonplaceholder.typicode.com/posts,583,0,0
1620580341360,1050,HTTP Request - Albums,200,OK,Thread Group 1-3,text,true,,10592,139,5,5,https://jsonplaceholder.typicode.com/albums,1050,0,0
1620580341239,1287,HTTP Request - Comments,200,OK,Thread Group 1-1,text,true,,159043,141,5,5,https://jsonplaceholder.typicode.com/comments,538,0,0
1620580342527,263,HTTP Request - Albums,200,OK,Thread Group 1-1,text,true,,10592,139,5,5,https://jsonplaceholder.typicode.com/albums,263,0,0
1620580341824,1052,HTTP Request - Comments,200,OK,Thread Group 1-2,text,true,,159049,141,5,5,https://jsonplaceholder.typicode.com/comments,455,0,0
1620580342879,503,HTTP Request - Albums,200,OK,Thread Group 1-2,text,true,,10598,139,5,5,https://jsonplaceholder.typicode.com/albums,502,0,0
1620580338616,5126,HTTP Request - Photos,200,OK,Thread Group 1-4,text,true,,1073009,139,5,5,https://jsonplaceholder.typicode.com/photos,780,0,0
1620580343742,746,HTTP Request - Todos,200,OK,Thread Group 1-4,text,true,,25580,138,5,5,https://jsonplaceholder.typicode.com/todos,731,0,0
1620580344488,563,HTTP Request - Users,200,OK,Thread Group 1-4,text,true,,6903,138,5,5,https://jsonplaceholder.typicode.com/users,563,0,0
1620580340049,6675,HTTP Request - Photos,200,OK,Thread Group 1-5,text,true,,1073013,139,4,4,https://jsonplaceholder.typicode.com/photos,236,0,0
1620580342410,4537,HTTP Request - Photos,200,OK,Thread Group 1-3,text,true,,1072989,139,4,4,https://jsonplaceholder.typicode.com/photos,239,0,0
1620580346724,304,HTTP Request - Todos,200,OK,Thread Group 1-5,text,true,,25572,138,4,4,https://jsonplaceholder.typicode.com/todos,287,0,0
1620580346948,222,HTTP Request - Todos,200,OK,Thread Group 1-3,text,true,,25574,138,4,4,https://jsonplaceholder.typicode.com/todos,200,0,0
1620580347029,153,HTTP Request - Users,200,OK,Thread Group 1-5,text,true,,6911,138,4,4,https://jsonplaceholder.typicode.com/users,149,0,0
1620580347171,104,HTTP Request - Users,200,OK,Thread Group 1-3,text,true,,6905,138,3,3,https://jsonplaceholder.typicode.com/users,104,0,0
1620580342791,5559,HTTP Request - Photos,200,OK,Thread Group 1-1,text,true,,1072999,139,2,2,https://jsonplaceholder.typicode.com/photos,446,0,0
1620580348351,161,HTTP Request - Todos,200,OK,Thread Group 1-1,text,true,,25574,138,2,2,https://jsonplaceholder.typicode.com/todos,160,0,0
1620580348513,84,HTTP Request - Users,200,OK,Thread Group 1-1,text,true,,6907,138,2,2,https://jsonplaceholder.typicode.com/users,77,0,0
1620580343385,5702,HTTP Request - Photos,200,OK,Thread Group 1-2,text,true,,1073007,139,1,1,https://jsonplaceholder.typicode.com/photos,768,0,0
1620580349092,115,HTTP Request - Todos,200,OK,Thread Group 1-2,text,true,,25572,138,1,1,https://jsonplaceholder.typicode.com/todos,96,0,0
1620580349208,82,HTTP Request - Users,200,OK,Thread Group 1-2,text,true,,6909,138,1,1,https://jsonplaceholder.typicode.com/users,82,0,0
1620580820394,598,HTTP Request - Posts,200,OK,Thread Group 1-3,text,true,,28799,138,5,5,https://jsonplaceholder.typicode.com/posts,573,0,466
1620580820591,414,HTTP Request - Posts,200,OK,Thread Group 1-4,text,true,,28779,138,5,5,https://jsonplaceholder.typicode.com/posts,376,0,272
1620580820173,820,HTTP Request - Posts,200,OK,Thread Group 1-1,text,true,,28789,138,5,5,https://jsonplaceholder.typicode.com/posts,794,0,688
1620580820197,795,HTTP Request - Posts,200,OK,Thread Group 1-2,text,true,,28779,138,5,5,https://jsonplaceholder.typicode.com/posts,770,0,663
1620580820790,484,HTTP Request - Posts,200,OK,Thread Group 1-5,text,true,,28785,138,5,5,https://jsonplaceholder.typicode.com/posts,293,0,224
1620580821008,689,HTTP Request - Comments,200,OK,Thread Group 1-2,text,true,,159037,141,5,5,https://jsonplaceholder.typicode.com/comments,60,0,0
1620580821009,694,HTTP Request - Comments,200,OK,Thread Group 1-1,text,true,,159039,141,5,5,https://jsonplaceholder.typicode.com/comments,114,0,0
1620580821008,722,HTTP Request - Comments,200,OK,Thread Group 1-3,text,true,,159049,141,5,5,https://jsonplaceholder.typicode.com/comments,55,0,0
1620580821008,723,HTTP Request - Comments,200,OK,Thread Group 1-4,text,true,,159049,141,5,5,https://jsonplaceholder.typicode.com/comments,55,0,0
1620580821697,97,HTTP Request - Albums,200,OK,Thread Group 1-2,text,true,,10596,139,5,5,https://jsonplaceholder.typicode.com/albums,89,0,0
1620580821275,519,HTTP Request - Comments,200,OK,Thread Group 1-5,text,true,,159051,141,5,5,https://jsonplaceholder.typicode.com/comments,139,0,0
1620580821703,92,HTTP Request - Albums,200,OK,Thread Group 1-1,text,true,,10600,139,5,5,https://jsonplaceholder.typicode.com/albums,91,0,0
1620580821732,112,HTTP Request - Albums,200,OK,Thread Group 1-4,text,true,,10592,139,5,5,https://jsonplaceholder.typicode.com/albums,111,0,0
1620580821795,49,HTTP Request - Albums,200,OK,Thread Group 1-5,text,true,,10592,139,5,5,https://jsonplaceholder.typicode.com/albums,48,0,0
1620580821731,115,HTTP Request - Albums,200,OK,Thread Group 1-3,text,true,,10600,139,5,5,https://jsonplaceholder.typicode.com/albums,114,0,0
1620580821795,3915,HTTP Request - Photos,200,OK,Thread Group 1-1,text,true,,1072991,139,5,5,https://jsonplaceholder.typicode.com/photos,57,0,0
1620580825711,253,HTTP Request - Todos,200,OK,Thread Group 1-1,text,true,,25576,138,5,5,https://jsonplaceholder.typicode.com/todos,253,0,0
1620580821795,4171,HTTP Request - Photos,200,OK,Thread Group 1-2,text,true,,1073010,139,5,5,https://jsonplaceholder.typicode.com/photos,55,0,0
1620580825965,183,HTTP Request - Users,200,OK,Thread Group 1-1,text,true,,6909,138,5,5,https://jsonplaceholder.typicode.com/users,183,0,0
1620580825967,233,HTTP Request - Todos,200,OK,Thread Group 1-2,text,true,,25570,138,5,5,https://jsonplaceholder.typicode.com/todos,214,0,0
1620580826149,193,HTTP Request - Posts,200,OK,Thread Group 1-1,text,true,,28779,138,5,5,https://jsonplaceholder.typicode.com/posts,168,0,0
1620580826200,191,HTTP Request - Users,200,OK,Thread Group 1-2,text,true,,6907,138,5,5,https://jsonplaceholder.typicode.com/users,191,0,0
1620580826392,198,HTTP Request - Posts,200,OK,Thread Group 1-2,text,true,,28779,138,5,5,https://jsonplaceholder.typicode.com/posts,176,0,0
1620580821845,4914,HTTP Request - Photos,200,OK,Thread Group 1-4,text,true,,1072999,139,5,5,https://jsonplaceholder.typicode.com/photos,118,0,0
1620580826342,560,HTTP Request - Comments,200,OK,Thread Group 1-1,text,true,,159039,141,5,5,https://jsonplaceholder.typicode.com/comments,197,0,0
1620580821847,5062,HTTP Request - Photos,200,OK,Thread Group 1-3,text,true,,1072998,139,5,5,https://jsonplaceholder.typicode.com/photos,130,0,0
1620580826759,198,HTTP Request - Todos,200,OK,Thread Group 1-4,text,true,,25572,138,5,5,https://jsonplaceholder.typicode.com/todos,190,0,0
1620580821845,5121,HTTP Request - Photos,200,OK,Thread Group 1-5,text,true,,1073001,139,5,5,https://jsonplaceholder.typicode.com/photos,114,0,0
1620580826906,123,HTTP Request - Albums,200,OK,Thread Group 1-1,text,true,,10598,139,5,5,https://jsonplaceholder.typicode.com/albums,123,0,0
1620580826910,140,HTTP Request - Todos,200,OK,Thread Group 1-3,text,true,,25576,138,5,5,https://jsonplaceholder.typicode.com/todos,120,0,0
1620580826958,151,HTTP Request - Users,200,OK,Thread Group 1-4,text,true,,6917,138,5,5,https://jsonplaceholder.typicode.com/users,151,0,0
1620580826591,519,HTTP Request - Comments,200,OK,Thread Group 1-2,text,true,,159045,141,5,5,https://jsonplaceholder.typicode.com/comments,200,0,0
1620580826966,148,HTTP Request - Todos,200,OK,Thread Group 1-5,text,true,,25576,138,5,5,https://jsonplaceholder.typicode.com/todos,144,0,0
1620580827050,72,HTTP Request - Users,200,OK,Thread Group 1-3,text,true,,6905,138,5,5,https://jsonplaceholder.typicode.com/users,71,0,0
1620580827115,65,HTTP Request - Users,200,OK,Thread Group 1-5,text,true,,6905,138,5,5,https://jsonplaceholder.typicode.com/users,65,0,0
1620580827110,83,HTTP Request - Albums,200,OK,Thread Group 1-2,text,true,,10596,139,5,5,https://jsonplaceholder.typicode.com/albums,82,0,0
1620580827122,124,HTTP Request - Posts,200,OK,Thread Group 1-3,text,true,,28775,138,5,5,https://jsonplaceholder.typicode.com/posts,79,0,0
1620580827110,140,HTTP Request - Posts,200,OK,Thread Group 1-4,text,true,,28783,138,5,5,https://jsonplaceholder.typicode.com/posts,93,0,0
1620580827182,156,HTTP Request - Posts,200,OK,Thread Group 1-5,text,true,,28781,138,5,5,https://jsonplaceholder.typicode.com/posts,89,0,0
1620580827247,704,HTTP Request - Comments,200,OK,Thread Group 1-3,text,true,,159055,141,5,5,https://jsonplaceholder.typicode.com/comments,92,0,0
1620580827250,709,HTTP Request - Comments,200,OK,Thread Group 1-4,text,true,,159041,141,5,5,https://jsonplaceholder.typicode.com/comments,121,0,0
1620580827339,629,HTTP Request - Comments,200,OK,Thread Group 1-5,text,true,,159045,141,5,5,https://jsonplaceholder.typicode.com/comments,73,0,0
1620580827960,140,HTTP Request - Albums,200,OK,Thread Group 1-4,text,true,,10596,139,5,5,https://jsonplaceholder.typicode.com/albums,140,0,0
1620580827952,148,HTTP Request - Albums,200,OK,Thread Group 1-3,text,true,,10594,139,5,5,https://jsonplaceholder.typicode.com/albums,148,0,0
1620580827969,131,HTTP Request - Albums,200,OK,Thread Group 1-5,text,true,,10594,139,5,5,https://jsonplaceholder.typicode.com/albums,131,0,0
1620580827030,3575,HTTP Request - Photos,200,OK,Thread Group 1-1,text,true,,1073018,139,5,5,https://jsonplaceholder.typicode.com/photos,91,0,0
1620580827193,3621,HTTP Request - Photos,200,OK,Thread Group 1-2,text,true,,1073009,139,5,5,https://jsonplaceholder.typicode.com/photos,106,0,0
1620580830610,286,HTTP Request - Todos,200,OK,Thread Group 1-1,text,true,,25576,138,5,5,https://jsonplaceholder.typicode.com/todos,249,0,0
1620580830814,200,HTTP Request - Todos,200,OK,Thread Group 1-2,text,true,,25568,138,5,5,https://jsonplaceholder.typicode.com/todos,177,0,0
1620580830897,148,HTTP Request - Users,200,OK,Thread Group 1-1,text,true,,6903,138,5,5,https://jsonplaceholder.typicode.com/users,148,0,0
1620580831015,142,HTTP Request - Users,200,OK,Thread Group 1-2,text,true,,6905,138,4,4,https://jsonplaceholder.typicode.com/users,142,0,0
1620580828100,4277,HTTP Request - Photos,200,OK,Thread Group 1-5,text,true,,1073013,139,3,3,https://jsonplaceholder.typicode.com/photos,101,0,0
1620580828100,4445,HTTP Request - Photos,200,OK,Thread Group 1-4,text,true,,1073008,139,3,3,https://jsonplaceholder.typicode.com/photos,97,0,0
1620580832377,178,HTTP Request - Todos,200,OK,Thread Group 1-5,text,true,,25572,138,3,3,https://jsonplaceholder.typicode.com/todos,168,0,0
1620580832555,150,HTTP Request - Users,200,OK,Thread Group 1-5,text,true,,6903,138,3,3,https://jsonplaceholder.typicode.com/users,81,0,0
1620580832544,162,HTTP Request - Todos,200,OK,Thread Group 1-4,text,true,,25574,138,3,3,https://jsonplaceholder.typicode.com/todos,162,0,0
1620580832708,51,HTTP Request - Users,200,OK,Thread Group 1-4,text,true,,6909,138,2,2,https://jsonplaceholder.typicode.com/users,51,0,0
1620580828100,5232,HTTP Request - Photos,200,OK,Thread Group 1-3,text,true,,1073007,139,1,1,https://jsonplaceholder.typicode.com/photos,102,0,0
1620580833332,117,HTTP Request - Todos,200,OK,Thread Group 1-3,text,true,,25574,138,1,1,https://jsonplaceholder.typicode.com/todos,73,0,0
1620580833452,76,HTTP Request - Users,200,OK,Thread Group 1-3,text,true,,6903,138,1,1,https://jsonplaceholder.typicode.com/users,75,0,0
1620581571303,944,HTTP Request - Posts,200,OK,Thread Group 1-1,text,true,,28790,138,5,5,https://jsonplaceholder.typicode.com/posts,911,0,797
1620581571714,533,HTTP Request - Posts,200,OK,Thread Group 1-4,text,true,,28780,138,5,5,https://jsonplaceholder.typicode.com/posts,500,0,386
1620581571313,934,HTTP Request - Posts,200,OK,Thread Group 1-2,text,true,,28782,138,5,5,https://jsonplaceholder.typicode.com/posts,901,0,787
1620581571512,737,HTTP Request - Posts,200,OK,Thread Group 1-3,text,true,,28784,138,5,5,https://jsonplaceholder.typicode.com/posts,702,0,588
1620581571911,457,HTTP Request - Posts,200,OK,Thread Group 1-5,text,true,,28786,138,5,5,https://jsonplaceholder.typicode.com/posts,431,0,348
1620581572266,628,HTTP Request - Comments,200,OK,Thread Group 1-2,text,true,,159047,141,5,5,https://jsonplaceholder.typicode.com/comments,80,0,0
1620581572266,654,HTTP Request - Comments,200,OK,Thread Group 1-4,text,true,,159047,141,5,5,https://jsonplaceholder.typicode.com/comments,80,0,0
1620581572266,733,HTTP Request - Comments,200,OK,Thread Group 1-1,text,true,,159041,141,5,5,https://jsonplaceholder.typicode.com/comments,118,0,0
1620581572268,731,HTTP Request - Comments,200,OK,Thread Group 1-3,text,true,,159037,141,5,5,https://jsonplaceholder.typicode.com/comments,91,0,0
1620581572369,639,HTTP Request - Comments,200,OK,Thread Group 1-5,text,true,,159037,141,5,5,https://jsonplaceholder.typicode.com/comments,194,0,0
1620581572896,114,HTTP Request - Albums,200,OK,Thread Group 1-2,text,true,,10594,139,5,5,https://jsonplaceholder.typicode.com/albums,114,0,0
1620581572921,90,HTTP Request - Albums,200,OK,Thread Group 1-4,text,true,,10594,139,5,5,https://jsonplaceholder.typicode.com/albums,89,0,0
1620581573000,90,HTTP Request - Albums,200,OK,Thread Group 1-1,text,true,,10600,139,5,5,https://jsonplaceholder.typicode.com/albums,84,0,0
1620581573009,82,HTTP Request - Albums,200,OK,Thread Group 1-5,text,true,,10600,139,5,5,https://jsonplaceholder.typicode.com/albums,80,0,0
1620581573000,95,HTTP Request - Albums,200,OK,Thread Group 1-3,text,true,,10594,139,5,5,https://jsonplaceholder.typicode.com/albums,84,0,0
1620581573011,3396,HTTP Request - Photos,200,OK,Thread Group 1-2,text,true,,1073001,139,5,5,https://jsonplaceholder.typicode.com/photos,84,0,0
1620581576408,302,HTTP Request - Todos,200,OK,Thread Group 1-2,text,true,,25572,138,5,5,https://jsonplaceholder.typicode.com/todos,295,0,0
1620581576710,323,HTTP Request - Users,200,OK,Thread Group 1-2,text,true,,6903,138,5,5,https://jsonplaceholder.typicode.com/users,323,0,0
1620581577033,329,HTTP Request - Posts,200,OK,Thread Group 1-2,text,true,,28780,138,5,5,https://jsonplaceholder.typicode.com/posts,287,0,0
1620581573011,4436,HTTP Request - Photos,200,OK,Thread Group 1-4,text,true,,1073003,139,5,5,https://jsonplaceholder.typicode.com/photos,111,0,0
1620581577450,287,HTTP Request - Todos,200,OK,Thread Group 1-4,text,true,,25570,138,5,5,https://jsonplaceholder.typicode.com/todos,255,0,0
1620581577363,537,HTTP Request - Comments,200,OK,Thread Group 1-2,text,true,,159049,141,5,5,https://jsonplaceholder.typicode.com/comments,250,0,0
1620581577739,201,HTTP Request - Users,200,OK,Thread Group 1-4,text,true,,6905,138,5,5,https://jsonplaceholder.typicode.com/users,200,0,0
1620581573091,4931,HTTP Request - Photos,200,OK,Thread Group 1-1,text,true,,1073008,139,5,5,https://jsonplaceholder.typicode.com/photos,166,0,0
1620581577901,131,HTTP Request - Albums,200,OK,Thread Group 1-2,text,true,,10598,139,5,5,https://jsonplaceholder.typicode.com/albums,131,0,0
1620581577941,164,HTTP Request - Posts,200,OK,Thread Group 1-4,text,true,,28793,138,5,5,https://jsonplaceholder.typicode.com/posts,163,0,0
1620581573092,5015,HTTP Request - Photos,200,OK,Thread Group 1-5,text,true,,1072999,139,5,5,https://jsonplaceholder.typicode.com/photos,165,0,0
1620581578022,134,HTTP Request - Todos,200,OK,Thread Group 1-1,text,true,,25568,138,5,5,https://jsonplaceholder.typicode.com/todos,108,0,0
1620581578156,118,HTTP Request - Users,200,OK,Thread Group 1-1,text,true,,6907,138,5,5,https://jsonplaceholder.typicode.com/users,116,0,0
1620581578107,244,HTTP Request - Todos,200,OK,Thread Group 1-5,text,true,,25570,138,5,5,https://jsonplaceholder.typicode.com/todos,160,0,0
1620581573096,5402,HTTP Request - Photos,200,OK,Thread Group 1-3,text,true,,1073012,139,5,5,https://jsonplaceholder.typicode.com/photos,169,0,0
1620581578352,146,HTTP Request - Users,200,OK,Thread Group 1-5,text,true,,6913,138,5,5,https://jsonplaceholder.typicode.com/users,146,0,0
1620581578275,275,HTTP Request - Posts,200,OK,Thread Group 1-1,text,true,,28792,138,5,5,https://jsonplaceholder.typicode.com/posts,131,0,0
1620581578106,492,HTTP Request - Comments,200,OK,Thread Group 1-4,text,true,,159049,141,5,5,https://jsonplaceholder.typicode.com/comments,105,0,0
1620581578499,179,HTTP Request - Posts,200,OK,Thread Group 1-5,text,true,,28778,138,5,5,https://jsonplaceholder.typicode.com/posts,134,0,0
1620581578498,195,HTTP Request - Todos,200,OK,Thread Group 1-3,text,true,,25578,138,5,5,https://jsonplaceholder.typicode.com/todos,137,0,0
1620581578599,96,HTTP Request - Albums,200,OK,Thread Group 1-4,text,true,,10600,139,5,5,https://jsonplaceholder.typicode.com/albums,96,0,0
1620581578693,95,HTTP Request - Users,200,OK,Thread Group 1-3,text,true,,6911,138,5,5,https://jsonplaceholder.typicode.com/users,80,0,0
1620581578789,230,HTTP Request - Posts,200,OK,Thread Group 1-3,text,true,,28778,138,5,5,https://jsonplaceholder.typicode.com/posts,222,0,0
1620581578551,714,HTTP Request - Comments,200,OK,Thread Group 1-1,text,true,,159037,141,5,5,https://jsonplaceholder.typicode.com/comments,118,0,0
1620581578679,757,HTTP Request - Comments,200,OK,Thread Group 1-5,text,true,,159035,141,5,5,https://jsonplaceholder.typicode.com/comments,170,0,0
1620581579265,244,HTTP Request - Albums,200,OK,Thread Group 1-1,text,true,,10590,139,5,5,https://jsonplaceholder.typicode.com/albums,244,0,0
1620581579437,178,HTTP Request - Albums,200,OK,Thread Group 1-5,text,true,,10602,139,5,5,https://jsonplaceholder.typicode.com/albums,178,0,0
1620581579020,838,HTTP Request - Comments,200,OK,Thread Group 1-3,text,true,,159039,141,5,5,https://jsonplaceholder.typicode.com/comments,240,0,0
1620581579858,262,HTTP Request - Albums,200,OK,Thread Group 1-3,text,true,,10600,139,5,5,https://jsonplaceholder.typicode.com/albums,262,0,0
1620581578032,2156,HTTP Request - Photos,200,OK,Thread Group 1-2,text,true,,1072997,139,5,5,https://jsonplaceholder.typicode.com/photos,104,0,0
1620581580189,171,HTTP Request - Todos,200,OK,Thread Group 1-2,text,true,,25578,138,5,5,https://jsonplaceholder.typicode.com/todos,171,0,0
1620581580361,168,HTTP Request - Users,200,OK,Thread Group 1-2,text,true,,6903,138,5,5,https://jsonplaceholder.typicode.com/users,168,0,0
1620581578696,2618,HTTP Request - Photos,200,OK,Thread Group 1-4,text,true,,1072993,139,4,4,https://jsonplaceholder.typicode.com/photos,154,0,0
1620581581315,168,HTTP Request - Todos,200,OK,Thread Group 1-4,text,true,,25576,138,4,4,https://jsonplaceholder.typicode.com/todos,166,0,0
1620581581484,101,HTTP Request - Users,200,OK,Thread Group 1-4,text,true,,6903,138,4,4,https://jsonplaceholder.typicode.com/users,101,0,0
1620581579510,3202,HTTP Request - Photos,200,OK,Thread Group 1-1,text,true,,1072993,139,3,3,https://jsonplaceholder.typicode.com/photos,191,0,0
1620581579616,3096,HTTP Request - Photos,200,OK,Thread Group 1-5,text,true,,1072997,139,3,3,https://jsonplaceholder.typicode.com/photos,221,0,0
1620581582712,178,HTTP Request - Todos,200,OK,Thread Group 1-1,text,true,,25584,138,3,3,https://jsonplaceholder.typicode.com/todos,123,0,0
1620581582712,180,HTTP Request - Todos,200,OK,Thread Group 1-5,text,true,,25572,138,3,3,https://jsonplaceholder.typicode.com/todos,179,0,0
1620581582893,92,HTTP Request - Users,200,OK,Thread Group 1-5,text,true,,6911,138,3,3,https://jsonplaceholder.typicode.com/users,89,0,0
1620581582891,108,HTTP Request - Users,200,OK,Thread Group 1-1,text,true,,6903,138,2,2,https://jsonplaceholder.typicode.com/users,107,0,0
1620581580126,2946,HTTP Request - Photos,200,OK,Thread Group 1-3,text,true,,1073010,139,1,1,https://jsonplaceholder.typicode.com/photos,232,0,0
1620581583072,110,HTTP Request - Todos,200,OK,Thread Group 1-3,text,true,,25576,138,1,1,https://jsonplaceholder.typicode.com/todos,91,0,0
1620581583186,105,HTTP Request - Users,200,OK,Thread Group 1-3,text,true,,6909,138,1,1,https://jsonplaceholder.typicode.com/users,105,0,0
1620583508484,755,HTTP Request - Posts,200,OK,Thread Group 1-3,text,true,,28783,138,5,5,https://jsonplaceholder.typicode.com/posts,711,0,613
1620583508688,550,HTTP Request - Posts,200,OK,Thread Group 1-4,text,true,,28779,138,5,5,https://jsonplaceholder.typicode.com/posts,523,0,409
1620583508880,360,HTTP Request - Posts,200,OK,Thread Group 1-5,text,true,,28791,138,5,5,https://jsonplaceholder.typicode.com/posts,345,0,219
1620583508328,911,HTTP Request - Posts,200,OK,Thread Group 1-1,text,true,,28787,138,5,5,https://jsonplaceholder.typicode.com/posts,867,0,769
1620583508328,909,HTTP Request - Posts,200,OK,Thread Group 1-2,text,true,,28783,138,5,5,https://jsonplaceholder.typicode.com/posts,874,0,769
1620583509268,412,HTTP Request - Comments,200,OK,Thread Group 1-2,text,true,,159053,141,5,5,https://jsonplaceholder.typicode.com/comments,74,0,0
1620583509268,413,HTTP Request - Comments,200,OK,Thread Group 1-5,text,true,,159043,141,5,5,https://jsonplaceholder.typicode.com/comments,84,0,0
1620583509270,413,HTTP Request - Comments,200,OK,Thread Group 1-4,text,true,,159043,141,5,5,https://jsonplaceholder.typicode.com/comments,68,0,0
1620583509268,489,HTTP Request - Comments,200,OK,Thread Group 1-1,text,true,,159049,141,5,5,https://jsonplaceholder.typicode.com/comments,91,0,0
1620583509268,491,HTTP Request - Comments,200,OK,Thread Group 1-3,text,true,,159039,141,5,5,https://jsonplaceholder.typicode.com/comments,121,0,0
1620583509682,79,HTTP Request - Albums,200,OK,Thread Group 1-5,text,true,,10596,139,5,5,https://jsonplaceholder.typicode.com/albums,78,0,0
1620583509681,82,HTTP Request - Albums,200,OK,Thread Group 1-2,text,true,,10592,139,5,5,https://jsonplaceholder.typicode.com/albums,81,0,0
1620583509684,79,HTTP Request - Albums,200,OK,Thread Group 1-4,text,true,,10588,139,5,5,https://jsonplaceholder.typicode.com/albums,78,0,0
1620583509758,80,HTTP Request - Albums,200,OK,Thread Group 1-1,text,true,,10596,139,5,5,https://jsonplaceholder.typicode.com/albums,79,0,0
1620583509760,78,HTTP Request - Albums,200,OK,Thread Group 1-3,text,true,,10596,139,5,5,https://jsonplaceholder.typicode.com/albums,78,0,0
1620583509763,2708,HTTP Request - Photos,200,OK,Thread Group 1-5,text,true,,1073001,139,5,5,https://jsonplaceholder.typicode.com/photos,82,0,0
1620583512472,621,HTTP Request - Todos,200,OK,Thread Group 1-5,text,true,,25567,138,5,5,https://jsonplaceholder.typicode.com/todos,617,0,0
1620583513094,639,HTTP Request - Users,200,OK,Thread Group 1-5,text,true,,6907,138,5,5,https://jsonplaceholder.typicode.com/users,637,0,0
1620583513714,734,HTTP Request - Posts,200,OK,Thread Group 1-5,text,true,,28779,138,5,5,https://jsonplaceholder.typicode.com/posts,727,0,0
1620583509840,6435,HTTP Request - Photos,200,OK,Thread Group 1-3,text,true,,1073005,139,5,5,https://jsonplaceholder.typicode.com/photos,165,0,0
1620583514449,1872,HTTP Request - Comments,200,OK,Thread Group 1-5,text,true,,159041,141,5,5,https://jsonplaceholder.typicode.com/comments,639,0,0
1620583516256,426,HTTP Request - Todos,200,OK,Thread Group 1-3,text,true,,25567,138,5,5,https://jsonplaceholder.typicode.com/todos,420,0,0
1620583516322,395,HTTP Request - Albums,200,OK,Thread Group 1-5,text,true,,10592,139,5,5,https://jsonplaceholder.typicode.com/albums,395,0,0
1620583516682,207,HTTP Request - Users,200,OK,Thread Group 1-3,text,true,,6907,138,5,5,https://jsonplaceholder.typicode.com/users,206,0,0
1620583509839,7257,HTTP Request - Photos,200,OK,Thread Group 1-1,text,true,,1073010,139,5,5,https://jsonplaceholder.typicode.com/photos,183,0,0
1620583516890,291,HTTP Request - Posts,200,OK,Thread Group 1-3,text,true,,28781,138,5,5,https://jsonplaceholder.typicode.com/posts,269,0,0
1620583517076,397,HTTP Request - Todos,200,OK,Thread Group 1-1,text,true,,25577,138,5,5,https://jsonplaceholder.typicode.com/todos,314,0,0
1620583509764,7956,HTTP Request - Photos,200,OK,Thread Group 1-2,text,true,,1073013,139,5,5,https://jsonplaceholder.typicode.com/photos,75,0,0
1620583517473,261,HTTP Request - Users,200,OK,Thread Group 1-1,text,true,,6903,138,5,5,https://jsonplaceholder.typicode.com/users,261,0,0
1620583517182,591,HTTP Request - Comments,200,OK,Thread Group 1-3,text,true,,159047,141,5,5,https://jsonplaceholder.typicode.com/comments,293,0,0
1620583516718,1063,HTTP Request - Photos,200,OK,Thread Group 1-5,text,true,,1072999,139,5,5,https://jsonplaceholder.typicode.com/photos,189,0,0
1620583517773,57,HTTP Request - Albums,200,OK,Thread Group 1-3,text,true,,10590,139,5,5,https://jsonplaceholder.typicode.com/albums,57,0,0
1620583517781,49,HTTP Request - Todos,200,OK,Thread Group 1-5,text,true,,25573,138,5,5,https://jsonplaceholder.typicode.com/todos,41,0,0
1620583517701,181,HTTP Request - Todos,200,OK,Thread Group 1-2,text,true,,25571,138,5,5,https://jsonplaceholder.typicode.com/todos,112,0,0
1620583517734,149,HTTP Request - Posts,200,OK,Thread Group 1-1,text,true,,28779,138,5,5,https://jsonplaceholder.typicode.com/posts,98,0,0
1620583517831,133,HTTP Request - Users,200,OK,Thread Group 1-5,text,true,,6907,138,5,5,https://jsonplaceholder.typicode.com/users,132,0,0
1620583517883,110,HTTP Request - Users,200,OK,Thread Group 1-2,text,true,,6907,138,4,4,https://jsonplaceholder.typicode.com/users,110,0,0
1620583517995,154,HTTP Request - Posts,200,OK,Thread Group 1-2,text,true,,28783,138,4,4,https://jsonplaceholder.typicode.com/posts,133,0,0
1620583517884,576,HTTP Request - Comments,200,OK,Thread Group 1-1,text,true,,159045,141,4,4,https://jsonplaceholder.typicode.com/comments,109,0,0
1620583518460,115,HTTP Request - Albums,200,OK,Thread Group 1-1,text,true,,10596,139,4,4,https://jsonplaceholder.typicode.com/albums,115,0,0
1620583518151,802,HTTP Request - Comments,200,OK,Thread Group 1-2,text,true,,159045,141,4,4,https://jsonplaceholder.typicode.com/comments,66,0,0
1620583509764,9301,HTTP Request - Photos,200,OK,Thread Group 1-4,text,true,,1073006,139,4,4,https://jsonplaceholder.typicode.com/photos,82,0,0
1620583518954,189,HTTP Request - Albums,200,OK,Thread Group 1-2,text,true,,10596,139,4,4,https://jsonplaceholder.typicode.com/albums,189,0,0
1620583519046,316,HTTP Request - Todos,200,OK,Thread Group 1-4,text,true,,25579,138,4,4,https://jsonplaceholder.typicode.com/todos,240,0,0
1620583519363,142,HTTP Request - Users,200,OK,Thread Group 1-4,text,true,,6921,138,4,4,https://jsonplaceholder.typicode.com/users,142,0,0
1620583519505,269,HTTP Request - Posts,200,OK,Thread Group 1-4,text,true,,28785,138,4,4,https://jsonplaceholder.typicode.com/posts,192,0,0
1620583519775,748,HTTP Request - Comments,200,OK,Thread Group 1-4,text,true,,159047,141,4,4,https://jsonplaceholder.typicode.com/comments,131,0,0
1620583517830,2744,HTTP Request - Photos,200,OK,Thread Group 1-3,text,true,,1073001,139,4,4,https://jsonplaceholder.typicode.com/photos,163,0,0
1620583520523,96,HTTP Request - Albums,200,OK,Thread Group 1-4,text,true,,10594,139,4,4,https://jsonplaceholder.typicode.com/albums,96,0,0
1620583520574,77,HTTP Request - Todos,200,OK,Thread Group 1-3,text,true,,25579,138,4,4,https://jsonplaceholder.typicode.com/todos,68,0,0
1620583520652,40,HTTP Request - Users,200,OK,Thread Group 1-3,text,true,,6913,138,4,4,https://jsonplaceholder.typicode.com/users,40,0,0
1620583518575,2854,HTTP Request - Photos,200,OK,Thread Group 1-1,text,true,,1073005,139,3,3,https://jsonplaceholder.typicode.com/photos,237,0,0
1620583521429,80,HTTP Request - Todos,200,OK,Thread Group 1-1,text,true,,25587,138,3,3,https://jsonplaceholder.typicode.com/todos,64,0,0
1620583521509,79,HTTP Request - Users,200,OK,Thread Group 1-1,text,true,,6905,138,3,3,https://jsonplaceholder.typicode.com/users,79,0,0
1620583519145,2452,HTTP Request - Photos,200,OK,Thread Group 1-2,text,true,,1073013,139,2,2,https://jsonplaceholder.typicode.com/photos,221,0,0
1620583521598,74,HTTP Request - Todos,200,OK,Thread Group 1-2,text,true,,25575,138,2,2,https://jsonplaceholder.typicode.com/todos,73,0,0
1620583521672,33,HTTP Request - Users,200,OK,Thread Group 1-2,text,true,,6903,138,2,2,https://jsonplaceholder.typicode.com/users,33,0,0
1620583520619,1718,HTTP Request - Photos,200,OK,Thread Group 1-4,text,true,,1073002,139,1,1,https://jsonplaceholder.typicode.com/photos,106,0,0
1620583522338,73,HTTP Request - Todos,200,OK,Thread Group 1-4,text,true,,25573,138,1,1,https://jsonplaceholder.typicode.com/todos,73,0,0
1620583522414,31,HTTP Request - Users,200,OK,Thread Group 1-4,text,true,,6905,138,1,1,https://jsonplaceholder.typicode.com/users,30,0,0
1620585041355,876,HTTP Request - Posts,200,OK,Thread Group 1-1,text,true,,28784,138,5,5,https://jsonplaceholder.typicode.com/posts,845,0,764
1620585041355,934,HTTP Request - Posts,200,OK,Thread Group 1-2,text,true,,28776,138,5,5,https://jsonplaceholder.typicode.com/posts,851,0,766
1620585041553,765,HTTP Request - Posts,200,OK,Thread Group 1-3,text,true,,28778,138,5,5,https://jsonplaceholder.typicode.com/posts,708,0,567
1620585041758,561,HTTP Request - Posts,200,OK,Thread Group 1-4,text,true,,28784,138,5,5,https://jsonplaceholder.typicode.com/posts,442,0,361
1620585041956,408,HTTP Request - Posts,200,OK,Thread Group 1-5,text,true,,28782,138,5,5,https://jsonplaceholder.typicode.com/posts,361,0,225
1620585042247,765,HTTP Request - Comments,200,OK,Thread Group 1-1,text,true,,159041,141,5,5,https://jsonplaceholder.typicode.com/comments,118,0,0
1620585042319,837,HTTP Request - Comments,200,OK,Thread Group 1-3,text,true,,159055,141,5,5,https://jsonplaceholder.typicode.com/comments,193,0,0
1620585042290,872,HTTP Request - Comments,200,OK,Thread Group 1-2,text,true,,159035,141,5,5,https://jsonplaceholder.typicode.com/comments,144,0,0
1620585042321,863,HTTP Request - Comments,200,OK,Thread Group 1-4,text,true,,159039,141,5,5,https://jsonplaceholder.typicode.com/comments,205,0,0
1620585043014,207,HTTP Request - Albums,200,OK,Thread Group 1-1,text,true,,10596,139,5,5,https://jsonplaceholder.typicode.com/albums,187,0,0
1620585042366,875,HTTP Request - Comments,200,OK,Thread Group 1-5,text,true,,159035,141,5,5,https://jsonplaceholder.typicode.com/comments,233,0,0
1620585043157,91,HTTP Request - Albums,200,OK,Thread Group 1-3,text,true,,10590,139,5,5,https://jsonplaceholder.typicode.com/albums,90,0,0
1620585043163,94,HTTP Request - Albums,200,OK,Thread Group 1-2,text,true,,10592,139,5,5,https://jsonplaceholder.typicode.com/albums,92,0,0
1620585043185,91,HTTP Request - Albums,200,OK,Thread Group 1-4,text,true,,10594,139,5,5,https://jsonplaceholder.typicode.com/albums,73,0,0
1620585043242,98,HTTP Request - Albums,200,OK,Thread Group 1-5,text,true,,10590,139,5,5,https://jsonplaceholder.typicode.com/albums,88,0,0
1620585043222,5404,HTTP Request - Photos,200,OK,Thread Group 1-1,text,true,,1073009,139,5,5,https://jsonplaceholder.typicode.com/photos,55,0,0
1620585048627,764,HTTP Request - Todos,200,OK,Thread Group 1-1,text,true,,25575,138,5,5,https://jsonplaceholder.typicode.com/todos,763,0,0
1620585049392,370,HTTP Request - Users,200,OK,Thread Group 1-1,text,true,,6906,138,5,5,https://jsonplaceholder.typicode.com/users,369,0,0
1620585049762,243,HTTP Request - Posts,200,OK,Thread Group 1-1,text,true,,28780,138,5,5,https://jsonplaceholder.typicode.com/posts,242,0,0
1620585050006,420,HTTP Request - Comments,200,OK,Thread Group 1-1,text,true,,159041,141,5,5,https://jsonplaceholder.typicode.com/comments,129,0,0
1620585050426,154,HTTP Request - Albums,200,OK,Thread Group 1-1,text,true,,10594,139,5,5,https://jsonplaceholder.typicode.com/albums,154,0,0
1620585043249,8163,HTTP Request - Photos,200,OK,Thread Group 1-3,text,true,,1072991,139,5,5,https://jsonplaceholder.typicode.com/photos,92,0,0
1620585051413,558,HTTP Request - Todos,200,OK,Thread Group 1-3,text,true,,25573,138,5,5,https://jsonplaceholder.typicode.com/todos,461,0,0
1620585043258,8842,HTTP Request - Photos,200,OK,Thread Group 1-2,text,true,,1072998,139,5,5,https://jsonplaceholder.typicode.com/photos,83,0,0
1620585043277,8918,HTTP Request - Photos,200,OK,Thread Group 1-4,text,true,,1072997,139,5,5,https://jsonplaceholder.typicode.com/photos,236,0,0
1620585051971,270,HTTP Request - Users,200,OK,Thread Group 1-3,text,true,,6908,138,5,5,https://jsonplaceholder.typicode.com/users,270,0,0
1620585052100,322,HTTP Request - Todos,200,OK,Thread Group 1-2,text,true,,25579,138,5,5,https://jsonplaceholder.typicode.com/todos,193,0,0
1620585052194,286,HTTP Request - Todos,200,OK,Thread Group 1-4,text,true,,25589,138,5,5,https://jsonplaceholder.typicode.com/todos,230,0,0
1620585052242,308,HTTP Request - Posts,200,OK,Thread Group 1-3,text,true,,28781,138,5,5,https://jsonplaceholder.typicode.com/posts,238,0,0
1620585052423,208,HTTP Request - Users,200,OK,Thread Group 1-2,text,true,,6904,138,5,5,https://jsonplaceholder.typicode.com/users,207,0,0
1620585052480,152,HTTP Request - Users,200,OK,Thread Group 1-4,text,true,,6906,138,5,5,https://jsonplaceholder.typicode.com/users,152,0,0
1620585052632,332,HTTP Request - Posts,200,OK,Thread Group 1-4,text,true,,28777,138,5,5,https://jsonplaceholder.typicode.com/posts,244,0,0
1620585052631,333,HTTP Request - Posts,200,OK,Thread Group 1-2,text,true,,28783,138,5,5,https://jsonplaceholder.typicode.com/posts,245,0,0
1620585043341,10161,HTTP Request - Photos,200,OK,Thread Group 1-5,text,true,,1073012,139,5,5,https://jsonplaceholder.typicode.com/photos,572,0,0
1620585052550,1232,HTTP Request - Comments,200,OK,Thread Group 1-3,text,true,,159045,141,5,5,https://jsonplaceholder.typicode.com/comments,197,0,0
1620585053502,457,HTTP Request - Todos,200,OK,Thread Group 1-5,text,true,,25573,138,5,5,https://jsonplaceholder.typicode.com/todos,448,0,0
1620585053783,410,HTTP Request - Albums,200,OK,Thread Group 1-3,text,true,,10604,139,5,5,https://jsonplaceholder.typicode.com/albums,409,0,0
1620585053960,354,HTTP Request - Users,200,OK,Thread Group 1-5,text,true,,6906,138,5,5,https://jsonplaceholder.typicode.com/users,319,0,0
1620585052965,1679,HTTP Request - Comments,200,OK,Thread Group 1-4,text,true,,159053,141,5,5,https://jsonplaceholder.typicode.com/comments,490,0,0
1620585050583,4108,HTTP Request - Photos,200,OK,Thread Group 1-1,text,true,,1073005,139,5,5,https://jsonplaceholder.typicode.com/photos,78,0,0
1620585054315,426,HTTP Request - Posts,200,OK,Thread Group 1-5,text,true,,28777,138,5,5,https://jsonplaceholder.typicode.com/posts,412,0,0
1620585052965,1806,HTTP Request - Comments,200,OK,Thread Group 1-2,text,true,,159049,141,5,5,https://jsonplaceholder.typicode.com/comments,406,0,0
1620585054645,194,HTTP Request - Albums,200,OK,Thread Group 1-4,text,true,,10592,139,5,5,https://jsonplaceholder.typicode.com/albums,194,0,0
1620585054691,190,HTTP Request - Todos,200,OK,Thread Group 1-1,text,true,,25577,138,5,5,https://jsonplaceholder.typicode.com/todos,174,0,0
1620585054771,205,HTTP Request - Albums,200,OK,Thread Group 1-2,text,true,,10598,139,5,5,https://jsonplaceholder.typicode.com/albums,205,0,0
1620585054881,233,HTTP Request - Users,200,OK,Thread Group 1-1,text,true,,6908,138,5,5,https://jsonplaceholder.typicode.com/users,233,0,0
1620585054741,858,HTTP Request - Comments,200,OK,Thread Group 1-5,text,true,,159051,141,4,4,https://jsonplaceholder.typicode.com/comments,212,0,0
1620585055599,167,HTTP Request - Albums,200,OK,Thread Group 1-5,text,true,,10596,139,4,4,https://jsonplaceholder.typicode.com/albums,167,0,0
1620585054194,5762,HTTP Request - Photos,200,OK,Thread Group 1-3,text,true,,1073002,139,4,4,https://jsonplaceholder.typicode.com/photos,423,0,0
1620585059958,330,HTTP Request - Todos,200,OK,Thread Group 1-3,text,true,,25587,138,4,4,https://jsonplaceholder.typicode.com/todos,199,0,0
1620585060293,209,HTTP Request - Users,200,OK,Thread Group 1-3,text,true,,6910,138,4,4,https://jsonplaceholder.typicode.com/users,202,0,0
1620585055767,6168,HTTP Request - Photos,200,OK,Thread Group 1-5,text,true,,1072999,139,3,3,https://jsonplaceholder.typicode.com/photos,155,0,0
1620585061937,247,HTTP Request - Todos,200,OK,Thread Group 1-5,text,true,,25575,138,3,3,https://jsonplaceholder.typicode.com/todos,247,0,0
1620585062185,129,HTTP Request - Users,200,OK,Thread Group 1-5,text,true,,6910,138,3,3,https://jsonplaceholder.typicode.com/users,126,0,0
1620585054978,7355,HTTP Request - Photos,200,OK,Thread Group 1-2,text,true,,1072999,139,2,2,https://jsonplaceholder.typicode.com/photos,201,0,0
1620585062335,139,HTTP Request - Todos,200,OK,Thread Group 1-2,text,true,,25573,138,2,2,https://jsonplaceholder.typicode.com/todos,116,0,0
1620585062475,65,HTTP Request - Users,200,OK,Thread Group 1-2,text,true,,6908,138,2,2,https://jsonplaceholder.typicode.com/users,51,0,0
1620585054840,7997,HTTP Request - Photos,200,OK,Thread Group 1-4,text,true,,1072998,139,1,1,https://jsonplaceholder.typicode.com/photos,268,0,0
1620585062841,126,HTTP Request - Todos,200,OK,Thread Group 1-4,text,true,,25571,138,1,1,https://jsonplaceholder.typicode.com/todos,83,0,0
1620585062968,89,HTTP Request - Users,200,OK,Thread Group 1-4,text,true,,6916,138,1,1,https://jsonplaceholder.typicode.com/users,88,0,0
1620586355090,1424,HTTP Request - Posts,200,OK,Thread Group 1-1,text,true,,28789,138,5,5,https://jsonplaceholder.typicode.com/posts,1382,0,1309
1620586355682,879,HTTP Request - Posts,200,OK,Thread Group 1-5,text,true,,28780,138,5,5,https://jsonplaceholder.typicode.com/posts,845,0,729
1620586355284,1357,HTTP Request - Posts,200,OK,Thread Group 1-3,text,true,,28790,138,5,5,https://jsonplaceholder.typicode.com/posts,1236,0,1128
1620586355090,1563,HTTP Request - Posts,200,OK,Thread Group 1-2,text,true,,28780,138,5,5,https://jsonplaceholder.typicode.com/posts,1468,0,1309
1620586355484,1170,HTTP Request - Posts,200,OK,Thread Group 1-4,text,true,,28782,138,5,5,https://jsonplaceholder.typicode.com/posts,1157,0,929
1620586356531,575,HTTP Request - Comments,200,OK,Thread Group 1-1,text,true,,159047,141,5,5,https://jsonplaceholder.typicode.com/comments,122,0,0
1620586356562,676,HTTP Request - Comments,200,OK,Thread Group 1-5,text,true,,159037,141,5,5,https://jsonplaceholder.typicode.com/comments,96,0,0
1620586357108,239,HTTP Request - Albums,200,OK,Thread Group 1-1,text,true,,10596,139,5,5,https://jsonplaceholder.typicode.com/albums,233,0,0
1620586356642,726,HTTP Request - Comments,200,OK,Thread Group 1-3,text,true,,159051,141,5,5,https://jsonplaceholder.typicode.com/comments,128,0,0
1620586356655,730,HTTP Request - Comments,200,OK,Thread Group 1-4,text,true,,159053,141,5,5,https://jsonplaceholder.typicode.com/comments,115,0,0
1620586357239,167,HTTP Request - Albums,200,OK,Thread Group 1-5,text,true,,10594,139,5,5,https://jsonplaceholder.typicode.com/albums,157,0,0
1620586356654,809,HTTP Request - Comments,200,OK,Thread Group 1-2,text,true,,159039,141,5,5,https://jsonplaceholder.typicode.com/comments,306,0,0
1620586357369,115,HTTP Request - Albums,200,OK,Thread Group 1-3,text,true,,10600,139,5,5,https://jsonplaceholder.typicode.com/albums,111,0,0
1620586357385,179,HTTP Request - Albums,200,OK,Thread Group 1-4,text,true,,10596,139,5,5,https://jsonplaceholder.typicode.com/albums,178,0,0
1620586357463,220,HTTP Request - Albums,200,OK,Thread Group 1-2,text,true,,10598,139,5,5,https://jsonplaceholder.typicode.com/albums,203,0,0
1620586357407,2336,HTTP Request - Photos,200,OK,Thread Group 1-5,text,true,,1073012,139,5,5,https://jsonplaceholder.typicode.com/photos,157,0,0
1620586359745,158,HTTP Request - Todos,200,OK,Thread Group 1-5,text,true,,25573,138,5,5,https://jsonplaceholder.typicode.com/todos,141,0,0
1620586359905,76,HTTP Request - Users,200,OK,Thread Group 1-5,text,true,,6914,138,5,5,https://jsonplaceholder.typicode.com/users,76,0,0
1620586359982,144,HTTP Request - Posts,200,OK,Thread Group 1-5,text,true,,28780,138,5,5,https://jsonplaceholder.typicode.com/posts,84,0,0
1620586357564,2726,HTTP Request - Photos,200,OK,Thread Group 1-4,text,true,,1073000,139,5,5,https://jsonplaceholder.typicode.com/photos,250,0,0
1620586357348,3017,HTTP Request - Photos,200,OK,Thread Group 1-1,text,true,,1073004,139,5,5,https://jsonplaceholder.typicode.com/photos,115,0,0
1620586360105,317,HTTP Request - Comments,200,OK,Thread Group 1-5,text,true,,159047,141,5,5,https://jsonplaceholder.typicode.com/comments,79,0,0
1620586360269,158,HTTP Request - Todos,200,OK,Thread Group 1-4,text,true,,25577,138,5,5,https://jsonplaceholder.typicode.com/todos,151,0,0
1620586360345,96,HTTP Request - Todos,200,OK,Thread Group 1-1,text,true,,25569,138,5,5,https://jsonplaceholder.typicode.com/todos,84,0,0
1620586360428,189,HTTP Request - Users,200,OK,Thread Group 1-4,text,true,,6908,138,5,5,https://jsonplaceholder.typicode.com/users,188,0,0
1620586360423,194,HTTP Request - Albums,200,OK,Thread Group 1-5,text,true,,10600,139,5,5,https://jsonplaceholder.typicode.com/albums,194,0,0
1620586360442,179,HTTP Request - Users,200,OK,Thread Group 1-1,text,true,,6912,138,5,5,https://jsonplaceholder.typicode.com/users,179,0,0
1620586357485,3157,HTTP Request - Photos,200,OK,Thread Group 1-3,text,true,,1073002,139,5,5,https://jsonplaceholder.typicode.com/photos,200,0,0
1620586360617,1246,HTTP Request - Posts,200,OK,Thread Group 1-4,text,true,,28788,138,5,5,https://jsonplaceholder.typicode.com/posts,1242,0,0
1620586360621,1276,HTTP Request - Todos,200,OK,Thread Group 1-3,text,true,,25579,138,5,5,https://jsonplaceholder.typicode.com/todos,1242,0,0
1620586360621,1278,HTTP Request - Posts,200,OK,Thread Group 1-1,text,true,,28786,138,5,5,https://jsonplaceholder.typicode.com/posts,1240,0,0
1620586361898,163,HTTP Request - Users,200,OK,Thread Group 1-3,text,true,,6912,138,5,5,https://jsonplaceholder.typicode.com/users,163,0,0
1620586357684,4504,HTTP Request - Photos,200,OK,Thread Group 1-2,text,true,,1073012,139,5,5,https://jsonplaceholder.typicode.com/photos,247,0,0
1620586362062,107,HTTP Request - Posts,200,OK,Thread Group 1-3,text,true,,28782,138,5,5,https://jsonplaceholder.typicode.com/posts,100,0,0
1620586361863,374,HTTP Request - Comments,200,OK,Thread Group 1-4,text,true,,159041,141,5,5,https://jsonplaceholder.typicode.com/comments,180,0,0
1620586362168,138,HTTP Request - Todos,200,OK,Thread Group 1-2,text,true,,25583,138,5,5,https://jsonplaceholder.typicode.com/todos,79,0,0
1620586362238,79,HTTP Request - Albums,200,OK,Thread Group 1-4,text,true,,10596,139,5,5,https://jsonplaceholder.typicode.com/albums,79,0,0
1620586361900,428,HTTP Request - Comments,200,OK,Thread Group 1-1,text,true,,159047,141,5,5,https://jsonplaceholder.typicode.com/comments,142,0,0
1620586362307,68,HTTP Request - Users,200,OK,Thread Group 1-2,text,true,,6902,138,5,5,https://jsonplaceholder.typicode.com/users,66,0,0
1620586362329,58,HTTP Request - Albums,200,OK,Thread Group 1-1,text,true,,10596,139,5,5,https://jsonplaceholder.typicode.com/albums,58,0,0
1620586362376,112,HTTP Request - Posts,200,OK,Thread Group 1-2,text,true,,28788,138,5,5,https://jsonplaceholder.typicode.com/posts,102,0,0
1620586362170,354,HTTP Request - Comments,200,OK,Thread Group 1-3,text,true,,159039,141,5,5,https://jsonplaceholder.typicode.com/comments,77,0,0
1620586362526,65,HTTP Request - Albums,200,OK,Thread Group 1-3,text,true,,10592,139,5,5,https://jsonplaceholder.typicode.com/albums,65,0,0
1620586362490,376,HTTP Request - Comments,200,OK,Thread Group 1-2,text,true,,159045,141,5,5,https://jsonplaceholder.typicode.com/comments,74,0,0
1620586362867,81,HTTP Request - Albums,200,OK,Thread Group 1-2,text,true,,10596,139,5,5,https://jsonplaceholder.typicode.com/albums,79,0,0
1620586360618,3222,HTTP Request - Photos,200,OK,Thread Group 1-5,text,true,,1073005,139,5,5,https://jsonplaceholder.typicode.com/photos,1241,0,0
1620586363841,137,HTTP Request - Todos,200,OK,Thread Group 1-5,text,true,,25573,138,5,5,https://jsonplaceholder.typicode.com/todos,131,0,0
1620586362318,1737,HTTP Request - Photos,200,OK,Thread Group 1-4,text,true,,1073005,139,5,5,https://jsonplaceholder.typicode.com/photos,71,0,0
1620586363979,100,HTTP Request - Users,200,OK,Thread Group 1-5,text,true,,6904,138,5,5,https://jsonplaceholder.typicode.com/users,99,0,0
1620586364055,114,HTTP Request - Todos,200,OK,Thread Group 1-4,text,true,,25573,138,4,4,https://jsonplaceholder.typicode.com/todos,87,0,0
1620586364169,68,HTTP Request - Users,200,OK,Thread Group 1-4,text,true,,6910,138,4,4,https://jsonplaceholder.typicode.com/users,67,0,0
1620586362388,2067,HTTP Request - Photos,200,OK,Thread Group 1-1,text,true,,1073006,139,3,3,https://jsonplaceholder.typicode.com/photos,93,0,0
1620586364455,95,HTTP Request - Todos,200,OK,Thread Group 1-1,text,true,,25569,138,3,3,https://jsonplaceholder.typicode.com/todos,86,0,0
1620586364550,47,HTTP Request - Users,200,OK,Thread Group 1-1,text,true,,6902,138,3,3,https://jsonplaceholder.typicode.com/users,46,0,0
1620586362591,2301,HTTP Request - Photos,200,OK,Thread Group 1-3,text,true,,1073003,139,2,2,https://jsonplaceholder.typicode.com/photos,74,0,0
1620586364893,60,HTTP Request - Todos,200,OK,Thread Group 1-3,text,true,,25571,138,2,2,https://jsonplaceholder.typicode.com/todos,53,0,0
1620586364954,42,HTTP Request - Users,200,OK,Thread Group 1-3,text,true,,6906,138,2,2,https://jsonplaceholder.typicode.com/users,41,0,0
1620586362948,2071,HTTP Request - Photos,200,OK,Thread Group 1-2,text,true,,1073009,139,1,1,https://jsonplaceholder.typicode.com/photos,81,0,0
1620586365018,44,HTTP Request - Todos,200,OK,Thread Group 1-2,text,true,,25577,138,1,1,https://jsonplaceholder.typicode.com/todos,37,0,0
1620586365065,118,HTTP Request - Users,200,OK,Thread Group 1-2,text,true,,6912,138,1,1,https://jsonplaceholder.typicode.com/users,118,0,0
1620587960362,973,HTTP Request - Posts,200,OK,Thread Group 1-2,text,true,,28780,138,5,5,https://jsonplaceholder.typicode.com/posts,910,0,838
1620587960361,997,HTTP Request - Posts,200,OK,Thread Group 1-1,text,true,,28782,138,5,5,https://jsonplaceholder.typicode.com/posts,966,0,894
1620587960736,623,HTTP Request - Posts,200,OK,Thread Group 1-4,text,true,,28780,138,5,5,https://jsonplaceholder.typicode.com/posts,600,0,519
1620587960543,820,HTTP Request - Posts,200,OK,Thread Group 1-3,text,true,,28778,138,5,5,https://jsonplaceholder.typicode.com/posts,783,0,712
1620587960939,477,HTTP Request - Posts,200,OK,Thread Group 1-5,text,true,,28778,138,5,5,https://jsonplaceholder.typicode.com/posts,397,0,319
1620587961361,456,HTTP Request - Comments,200,OK,Thread Group 1-4,text,true,,159051,141,5,5,https://jsonplaceholder.typicode.com/comments,55,0,0
1620587961364,459,HTTP Request - Comments,200,OK,Thread Group 1-3,text,true,,159039,141,5,5,https://jsonplaceholder.typicode.com/comments,57,0,0
1620587961359,465,HTTP Request - Comments,200,OK,Thread Group 1-1,text,true,,159039,141,5,5,https://jsonplaceholder.typicode.com/comments,82,0,0
1620587961359,473,HTTP Request - Comments,200,OK,Thread Group 1-2,text,true,,159041,141,5,5,https://jsonplaceholder.typicode.com/comments,70,0,0
1620587961417,450,HTTP Request - Comments,200,OK,Thread Group 1-5,text,true,,159049,141,5,5,https://jsonplaceholder.typicode.com/comments,137,0,0
1620587961818,50,HTTP Request - Albums,200,OK,Thread Group 1-4,text,true,,10590,139,5,5,https://jsonplaceholder.typicode.com/albums,49,0,0
1620587961825,46,HTTP Request - Albums,200,OK,Thread Group 1-1,text,true,,10594,139,5,5,https://jsonplaceholder.typicode.com/albums,45,0,0
1620587961824,66,HTTP Request - Albums,200,OK,Thread Group 1-3,text,true,,10594,139,5,5,https://jsonplaceholder.typicode.com/albums,66,0,0
1620587961833,58,HTTP Request - Albums,200,OK,Thread Group 1-2,text,true,,10596,139,5,5,https://jsonplaceholder.typicode.com/albums,57,0,0
1620587961867,44,HTTP Request - Albums,200,OK,Thread Group 1-5,text,true,,10600,139,5,5,https://jsonplaceholder.typicode.com/albums,44,0,0
1620587961871,3784,HTTP Request - Photos,200,OK,Thread Group 1-1,text,true,,1073008,139,5,5,https://jsonplaceholder.typicode.com/photos,183,0,0
1620587961868,4075,HTTP Request - Photos,200,OK,Thread Group 1-4,text,true,,1073000,139,5,5,https://jsonplaceholder.typicode.com/photos,43,0,0
1620587965655,296,HTTP Request - Todos,200,OK,Thread Group 1-1,text,true,,25577,138,5,5,https://jsonplaceholder.typicode.com/todos,287,0,0
1620587961891,4150,HTTP Request - Photos,200,OK,Thread Group 1-3,text,true,,1073005,139,5,5,https://jsonplaceholder.typicode.com/photos,62,0,0
1620587965952,102,HTTP Request - Users,200,OK,Thread Group 1-1,text,true,,6910,138,5,5,https://jsonplaceholder.typicode.com/users,102,0,0
1620587965943,189,HTTP Request - Todos,200,OK,Thread Group 1-4,text,true,,25571,138,5,5,https://jsonplaceholder.typicode.com/todos,136,0,0
1620587966041,130,HTTP Request - Todos,200,OK,Thread Group 1-3,text,true,,25583,138,5,5,https://jsonplaceholder.typicode.com/todos,120,0,0
1620587966055,139,HTTP Request - Posts,200,OK,Thread Group 1-1,text,true,,28780,138,5,5,https://jsonplaceholder.typicode.com/posts,107,0,0
1620587966133,80,HTTP Request - Users,200,OK,Thread Group 1-4,text,true,,6914,138,5,5,https://jsonplaceholder.typicode.com/users,80,0,0
1620587966172,74,HTTP Request - Users,200,OK,Thread Group 1-3,text,true,,6912,138,5,5,https://jsonplaceholder.typicode.com/users,74,0,0
1620587966214,190,HTTP Request - Posts,200,OK,Thread Group 1-4,text,true,,28788,138,5,5,https://jsonplaceholder.typicode.com/posts,112,0,0
1620587966247,160,HTTP Request - Posts,200,OK,Thread Group 1-3,text,true,,28782,138,5,5,https://jsonplaceholder.typicode.com/posts,90,0,0
1620587961892,4557,HTTP Request - Photos,200,OK,Thread Group 1-2,text,true,,1073004,139,5,5,https://jsonplaceholder.typicode.com/photos,96,0,0
1620587966448,294,HTTP Request - Todos,200,OK,Thread Group 1-2,text,true,,25573,138,5,5,https://jsonplaceholder.typicode.com/todos,168,0,0
1620587966195,788,HTTP Request - Comments,200,OK,Thread Group 1-1,text,true,,159047,141,5,5,https://jsonplaceholder.typicode.com/comments,131,0,0
1620587966743,247,HTTP Request - Users,200,OK,Thread Group 1-2,text,true,,6906,138,5,5,https://jsonplaceholder.typicode.com/users,247,0,0
1620587966408,656,HTTP Request - Comments,200,OK,Thread Group 1-3,text,true,,159043,141,5,5,https://jsonplaceholder.typicode.com/comments,86,0,0
1620587966984,84,HTTP Request - Albums,200,OK,Thread Group 1-1,text,true,,10596,139,5,5,https://jsonplaceholder.typicode.com/albums,84,0,0
1620587966405,761,HTTP Request - Comments,200,OK,Thread Group 1-4,text,true,,159039,141,5,5,https://jsonplaceholder.typicode.com/comments,99,0,0
1620587966991,177,HTTP Request - Posts,200,OK,Thread Group 1-2,text,true,,28778,138,5,5,https://jsonplaceholder.typicode.com/posts,175,0,0
1620587967064,108,HTTP Request - Albums,200,OK,Thread Group 1-3,text,true,,10596,139,5,5,https://jsonplaceholder.typicode.com/albums,107,0,0
1620587961912,5261,HTTP Request - Photos,200,OK,Thread Group 1-5,text,true,,1073005,139,5,5,https://jsonplaceholder.typicode.com/photos,166,0,0
1620587967167,84,HTTP Request - Albums,200,OK,Thread Group 1-4,text,true,,10598,139,5,5,https://jsonplaceholder.typicode.com/albums,84,0,0
1620587967173,136,HTTP Request - Todos,200,OK,Thread Group 1-5,text,true,,25575,138,5,5,https://jsonplaceholder.typicode.com/todos,100,0,0
1620587967310,90,HTTP Request - Users,200,OK,Thread Group 1-5,text,true,,6906,138,5,5,https://jsonplaceholder.typicode.com/users,90,0,0
1620587967401,216,HTTP Request - Posts,200,OK,Thread Group 1-5,text,true,,28776,138,5,5,https://jsonplaceholder.typicode.com/posts,173,0,0
1620587967169,634,HTTP Request - Comments,200,OK,Thread Group 1-2,text,true,,159039,141,5,5,https://jsonplaceholder.typicode.com/comments,105,0,0
1620587967803,182,HTTP Request - Albums,200,OK,Thread Group 1-2,text,true,,10598,139,5,5,https://jsonplaceholder.typicode.com/albums,182,0,0
1620587967618,782,HTTP Request - Comments,200,OK,Thread Group 1-5,text,true,,159043,141,5,5,https://jsonplaceholder.typicode.com/comments,188,0,0
1620587968400,229,HTTP Request - Albums,200,OK,Thread Group 1-5,text,true,,10596,139,5,5,https://jsonplaceholder.typicode.com/albums,228,0,0
1620587967068,5022,HTTP Request - Photos,200,OK,Thread Group 1-1,text,true,,1073000,139,5,5,https://jsonplaceholder.typicode.com/photos,104,0,0
1620587967172,5409,HTTP Request - Photos,200,OK,Thread Group 1-3,text,true,,1073010,139,5,5,https://jsonplaceholder.typicode.com/photos,99,0,0
1620587972098,561,HTTP Request - Todos,200,OK,Thread Group 1-1,text,true,,25581,138,5,5,https://jsonplaceholder.typicode.com/todos,486,0,0
1620587967251,5460,HTTP Request - Photos,200,OK,Thread Group 1-4,text,true,,1073013,139,5,5,https://jsonplaceholder.typicode.com/photos,145,0,0
1620587972582,333,HTTP Request - Todos,200,OK,Thread Group 1-3,text,true,,25571,138,5,5,https://jsonplaceholder.typicode.com/todos,330,0,0
1620587972660,257,HTTP Request - Users,200,OK,Thread Group 1-1,text,true,,6904,138,5,5,https://jsonplaceholder.typicode.com/users,257,0,0
1620587972711,306,HTTP Request - Todos,200,OK,Thread Group 1-4,text,true,,25577,138,4,4,https://jsonplaceholder.typicode.com/todos,303,0,0
1620587972915,166,HTTP Request - Users,200,OK,Thread Group 1-3,text,true,,6906,138,4,4,https://jsonplaceholder.typicode.com/users,165,0,0
1620587973018,140,HTTP Request - Users,200,OK,Thread Group 1-4,text,true,,6906,138,3,3,https://jsonplaceholder.typicode.com/users,140,0,0
1620587967986,5334,HTTP Request - Photos,200,OK,Thread Group 1-2,text,true,,1073001,139,2,2,https://jsonplaceholder.typicode.com/photos,191,0,0
1620587973320,184,HTTP Request - Todos,200,OK,Thread Group 1-2,text,true,,25569,138,2,2,https://jsonplaceholder.typicode.com/todos,184,0,0
1620587973505,60,HTTP Request - Users,200,OK,Thread Group 1-2,text,true,,6914,138,2,2,https://jsonplaceholder.typicode.com/users,60,0,0
1620587968629,5458,HTTP Request - Photos,200,OK,Thread Group 1-5,text,true,,1073000,139,1,1,https://jsonplaceholder.typicode.com/photos,169,0,0
1620587974088,62,HTTP Request - Todos,200,OK,Thread Group 1-5,text,true,,25567,138,1,1,https://jsonplaceholder.typicode.com/todos,45,0,0
1620587974152,74,HTTP Request - Users,200,OK,Thread Group 1-5,text,true,,6908,138,1,1,https://jsonplaceholder.typicode.com/users,74,0,0
1620590755097,1036,HTTP Request - Posts,200,OK,Thread Group 1-3,text,true,,28780,138,5,5,https://jsonplaceholder.typicode.com/posts,974,0,901
1620590755490,639,HTTP Request - Posts,200,OK,Thread Group 1-5,text,true,,28778,138,5,5,https://jsonplaceholder.typicode.com/posts,563,0,501
1620590754944,1188,HTTP Request - Posts,200,OK,Thread Group 1-1,text,true,,28782,138,5,5,https://jsonplaceholder.typicode.com/posts,1104,0,1052
1620590755294,838,HTTP Request - Posts,200,OK,Thread Group 1-4,text,true,,28788,138,5,5,https://jsonplaceholder.typicode.com/posts,754,0,698
1620590754944,1172,HTTP Request - Posts,200,OK,Thread Group 1-2,text,true,,28780,138,5,5,https://jsonplaceholder.typicode.com/posts,1104,0,1047
1620590756146,481,HTTP Request - Comments,200,OK,Thread Group 1-2,text,true,,159037,141,5,5,https://jsonplaceholder.typicode.com/comments,32,0,0
1620590756145,497,HTTP Request - Comments,200,OK,Thread Group 1-5,text,true,,159037,141,5,5,https://jsonplaceholder.typicode.com/comments,31,0,0
1620590756147,517,HTTP Request - Comments,200,OK,Thread Group 1-4,text,true,,159039,141,5,5,https://jsonplaceholder.typicode.com/comments,40,0,0
1620590756145,537,HTTP Request - Comments,200,OK,Thread Group 1-1,text,true,,159053,141,5,5,https://jsonplaceholder.typicode.com/comments,47,0,0
1620590756145,545,HTTP Request - Comments,200,OK,Thread Group 1-3,text,true,,159033,141,5,5,https://jsonplaceholder.typicode.com/comments,97,0,0
1620590756643,57,HTTP Request - Albums,200,OK,Thread Group 1-5,text,true,,10598,139,5,5,https://jsonplaceholder.typicode.com/albums,51,0,0
1620590756627,75,HTTP Request - Albums,200,OK,Thread Group 1-2,text,true,,10598,139,5,5,https://jsonplaceholder.typicode.com/albums,73,0,0
1620590756666,45,HTTP Request - Albums,200,OK,Thread Group 1-4,text,true,,10596,139,5,5,https://jsonplaceholder.typicode.com/albums,38,0,0
1620590756682,54,HTTP Request - Albums,200,OK,Thread Group 1-1,text,true,,10596,139,5,5,https://jsonplaceholder.typicode.com/albums,35,0,0
1620590756690,63,HTTP Request - Albums,200,OK,Thread Group 1-3,text,true,,10598,139,5,5,https://jsonplaceholder.typicode.com/albums,51,0,0
1620590756700,3204,HTTP Request - Photos,200,OK,Thread Group 1-5,text,true,,1073010,139,5,5,https://jsonplaceholder.typicode.com/photos,48,0,0
1620590759905,161,HTTP Request - Todos,200,OK,Thread Group 1-5,text,true,,25575,138,5,5,https://jsonplaceholder.typicode.com/todos,139,0,0
1620590760079,159,HTTP Request - Users,200,OK,Thread Group 1-5,text,true,,6904,138,5,5,https://jsonplaceholder.typicode.com/users,149,0,0
1620590760240,236,HTTP Request - Posts,200,OK,Thread Group 1-5,text,true,,28794,138,5,5,https://jsonplaceholder.typicode.com/posts,213,0,0
1620590756755,3971,HTTP Request - Photos,200,OK,Thread Group 1-3,text,true,,1073015,139,5,5,https://jsonplaceholder.typicode.com/photos,110,0,0
1620590760727,220,HTTP Request - Todos,200,OK,Thread Group 1-3,text,true,,25565,138,5,5,https://jsonplaceholder.typicode.com/todos,181,0,0
1620590760478,614,HTTP Request - Comments,200,OK,Thread Group 1-5,text,true,,159035,141,5,5,https://jsonplaceholder.typicode.com/comments,166,0,0
1620590760948,159,HTTP Request - Users,200,OK,Thread Group 1-3,text,true,,6906,138,5,5,https://jsonplaceholder.typicode.com/users,159,0,0
1620590761093,95,HTTP Request - Albums,200,OK,Thread Group 1-5,text,true,,10596,139,5,5,https://jsonplaceholder.typicode.com/albums,95,0,0
1620590761108,125,HTTP Request - Posts,200,OK,Thread Group 1-3,text,true,,28780,138,5,5,https://jsonplaceholder.typicode.com/posts,107,0,0
1620590756702,4649,HTTP Request - Photos,200,OK,Thread Group 1-2,text,true,,1073013,139,5,5,https://jsonplaceholder.typicode.com/photos,39,0,0
1620590756736,4818,HTTP Request - Photos,200,OK,Thread Group 1-1,text,true,,1072998,139,5,5,https://jsonplaceholder.typicode.com/photos,90,0,0
1620590761352,256,HTTP Request - Todos,200,OK,Thread Group 1-2,text,true,,25573,138,5,5,https://jsonplaceholder.typicode.com/todos,227,0,0
1620590761554,257,HTTP Request - Todos,200,OK,Thread Group 1-1,text,true,,25571,138,5,5,https://jsonplaceholder.typicode.com/todos,212,0,0
1620590761608,237,HTTP Request - Users,200,OK,Thread Group 1-2,text,true,,6908,138,5,5,https://jsonplaceholder.typicode.com/users,218,0,0
1620590761811,177,HTTP Request - Users,200,OK,Thread Group 1-1,text,true,,6908,138,5,5,https://jsonplaceholder.typicode.com/users,177,0,0
1620590756712,5307,HTTP Request - Photos,200,OK,Thread Group 1-4,text,true,,1073010,139,5,5,https://jsonplaceholder.typicode.com/photos,55,0,0
1620590761234,821,HTTP Request - Comments,200,OK,Thread Group 1-3,text,true,,159039,141,5,5,https://jsonplaceholder.typicode.com/comments,190,0,0
1620590761845,259,HTTP Request - Posts,200,OK,Thread Group 1-2,text,true,,28788,138,5,5,https://jsonplaceholder.typicode.com/posts,233,0,0
1620590761989,239,HTTP Request - Posts,200,OK,Thread Group 1-1,text,true,,28788,138,5,5,https://jsonplaceholder.typicode.com/posts,203,0,0
1620590762056,174,HTTP Request - Albums,200,OK,Thread Group 1-3,text,true,,10594,139,5,5,https://jsonplaceholder.typicode.com/albums,174,0,0
1620590762020,216,HTTP Request - Todos,200,OK,Thread Group 1-4,text,true,,25567,138,5,5,https://jsonplaceholder.typicode.com/todos,205,0,0
1620590762237,70,HTTP Request - Users,200,OK,Thread Group 1-4,text,true,,6908,138,5,5,https://jsonplaceholder.typicode.com/users,70,0,0
1620590762308,136,HTTP Request - Posts,200,OK,Thread Group 1-4,text,true,,28784,138,5,5,https://jsonplaceholder.typicode.com/posts,108,0,0
1620590762105,461,HTTP Request - Comments,200,OK,Thread Group 1-2,text,true,,159041,141,5,5,https://jsonplaceholder.typicode.com/comments,137,0,0
1620590762567,63,HTTP Request - Albums,200,OK,Thread Group 1-2,text,true,,10594,139,5,5,https://jsonplaceholder.typicode.com/albums,63,0,0
1620590762229,439,HTTP Request - Comments,200,OK,Thread Group 1-1,text,true,,159037,141,5,5,https://jsonplaceholder.typicode.com/comments,92,0,0
1620590762444,512,HTTP Request - Comments,200,OK,Thread Group 1-4,text,true,,159039,141,5,5,https://jsonplaceholder.typicode.com/comments,102,0,0
1620590762956,186,HTTP Request - Albums,200,OK,Thread Group 1-4,text,true,,10592,139,5,5,https://jsonplaceholder.typicode.com/albums,186,0,0
1620590762669,595,HTTP Request - Albums,200,OK,Thread Group 1-1,text,true,,10596,139,5,5,https://jsonplaceholder.typicode.com/albums,595,0,0
1620590761189,4236,HTTP Request - Photos,200,OK,Thread Group 1-5,text,true,,1073002,139,5,5,https://jsonplaceholder.typicode.com/photos,177,0,0
1620590762231,3876,HTTP Request - Photos,200,OK,Thread Group 1-3,text,true,,1072997,139,5,5,https://jsonplaceholder.typicode.com/photos,90,0,0
1620590765427,682,HTTP Request - Todos,200,OK,Thread Group 1-5,text,true,,25573,138,5,5,https://jsonplaceholder.typicode.com/todos,682,0,0
1620590766110,164,HTTP Request - Users,200,OK,Thread Group 1-5,text,true,,6902,138,5,5,https://jsonplaceholder.typicode.com/users,163,0,0
1620590766108,199,HTTP Request - Todos,200,OK,Thread Group 1-3,text,true,,25573,138,4,4,https://jsonplaceholder.typicode.com/todos,177,0,0
1620590766307,239,HTTP Request - Users,200,OK,Thread Group 1-3,text,true,,6906,138,4,4,https://jsonplaceholder.typicode.com/users,238,0,0
1620590762631,4396,HTTP Request - Photos,200,OK,Thread Group 1-2,text,true,,1072996,139,3,3,https://jsonplaceholder.typicode.com/photos,75,0,0
1620590767028,302,HTTP Request - Todos,200,OK,Thread Group 1-2,text,true,,25573,138,3,3,https://jsonplaceholder.typicode.com/todos,282,0,0
1620590767330,198,HTTP Request - Users,200,OK,Thread Group 1-2,text,true,,6908,138,3,3,https://jsonplaceholder.typicode.com/users,198,0,0
1620590763143,5600,HTTP Request - Photos,200,OK,Thread Group 1-4,text,true,,1073004,139,2,2,https://jsonplaceholder.typicode.com/photos,335,0,0
1620590768745,104,HTTP Request - Todos,200,OK,Thread Group 1-4,text,true,,25581,138,2,2,https://jsonplaceholder.typicode.com/todos,87,0,0
1620590768850,56,HTTP Request - Users,200,OK,Thread Group 1-4,text,true,,6904,138,2,2,https://jsonplaceholder.typicode.com/users,56,0,0
1620590763264,5671,HTTP Request - Photos,200,OK,Thread Group 1-1,text,true,,1072990,139,1,1,https://jsonplaceholder.typicode.com/photos,255,0,0
1620590768937,232,HTTP Request - Todos,200,OK,Thread Group 1-1,text,true,,25575,138,1,1,https://jsonplaceholder.typicode.com/todos,211,0,0
1620590769173,173,HTTP Request - Users,200,OK,Thread Group 1-1,text,true,,6908,138,1,1,https://jsonplaceholder.typicode.com/users,173,0,0
